[debug] [2026-09-01T18:46:43.477Z] ----------------------------------------------------------------------
[debug] [2026-09-01T18:46:43.480Z] Command:       C:\Program Files\nodejs\node.exe C:\Users\victo\AppData\Local\npm-cache\_npx\7750544ccf494d8b\node_modules\firebase-tools\lib\bin\firebase.js deploy --only functions --project conexaocasal-18136 --force
[debug] [2026-09-01T18:46:43.480Z] CLI Version:   15.28.2
[debug] [2026-09-01T18:46:43.480Z] Platform:      win32
[debug] [2026-09-01T18:46:43.481Z] Node Version:  v24.19.0
[debug] [2026-09-01T18:46:43.481Z] Detected Agent: open_code
[debug] [2026-09-01T18:46:43.481Z] Time:          Tue Sep 01 2026 15:46:43 GMT-0300 (Horário Padrão de Brasília)
[debug] [2026-09-01T18:46:43.481Z] ----------------------------------------------------------------------
[debug] 
[debug] [2026-09-01T18:46:45.700Z] > command requires scopes: ["email","openid","https://www.googleapis.com/auth/cloudplatformprojects.readonly","https://www.googleapis.com/auth/firebase","https://www.googleapis.com/auth/cloud-platform"]
[debug] [2026-09-01T18:46:45.700Z] > authorizing via signed-in user (victornogueirapintofgv@gmail.com)
[debug] [2026-09-01T18:46:45.700Z] [iam] checking project conexaocasal-18136 for permissions ["cloudfunctions.functions.create","cloudfunctions.functions.delete","cloudfunctions.functions.get","cloudfunctions.functions.list","cloudfunctions.functions.update","cloudfunctions.operations.get","firebase.projects.get"]
[debug] [2026-09-01T18:46:45.716Z] Checked if tokens are valid: true, expires at: 1788290037941
[debug] [2026-09-01T18:46:45.717Z] Checked if tokens are valid: true, expires at: 1788290037941
[debug] [2026-09-01T18:46:45.719Z] >>> [apiv2][query] POST https://cloudresourcemanager.googleapis.com/v1/projects/conexaocasal-18136:testIamPermissions [none]
[debug] [2026-09-01T18:46:45.719Z] >>> [apiv2][(partial)header] POST https://cloudresourcemanager.googleapis.com/v1/projects/conexaocasal-18136:testIamPermissions  x-goog-user-project=conexaocasal-18136
[debug] [2026-09-01T18:46:45.719Z] >>> [apiv2][body] POST https://cloudresourcemanager.googleapis.com/v1/projects/conexaocasal-18136:testIamPermissions {"permissions":["cloudfunctions.functions.create","cloudfunctions.functions.delete","cloudfunctions.functions.get","cloudfunctions.functions.list","cloudfunctions.functions.update","cloudfunctions.operations.get","firebase.projects.get"]}
[debug] [2026-09-01T18:46:46.974Z] <<< [apiv2][status] POST https://cloudresourcemanager.googleapis.com/v1/projects/conexaocasal-18136:testIamPermissions 200
[debug] [2026-09-01T18:46:46.974Z] <<< [apiv2][body] POST https://cloudresourcemanager.googleapis.com/v1/projects/conexaocasal-18136:testIamPermissions {"permissions":["cloudfunctions.functions.create","cloudfunctions.functions.delete","cloudfunctions.functions.get","cloudfunctions.functions.list","cloudfunctions.functions.update","cloudfunctions.operations.get","firebase.projects.get"]}
[debug] [2026-09-01T18:46:46.975Z] Checked if tokens are valid: true, expires at: 1788290037941
[debug] [2026-09-01T18:46:46.975Z] Checked if tokens are valid: true, expires at: 1788290037941
[debug] [2026-09-01T18:46:46.975Z] >>> [apiv2][query] POST https://iam.googleapis.com/v1/projects/conexaocasal-18136/serviceAccounts/conexaocasal-18136@appspot.gserviceaccount.com:testIamPermissions [none]
[debug] [2026-09-01T18:46:46.975Z] >>> [apiv2][body] POST https://iam.googleapis.com/v1/projects/conexaocasal-18136/serviceAccounts/conexaocasal-18136@appspot.gserviceaccount.com:testIamPermissions {"permissions":["iam.serviceAccounts.actAs"]}
[debug] [2026-09-01T18:46:48.239Z] <<< [apiv2][status] POST https://iam.googleapis.com/v1/projects/conexaocasal-18136/serviceAccounts/conexaocasal-18136@appspot.gserviceaccount.com:testIamPermissions 200
[debug] [2026-09-01T18:46:48.240Z] <<< [apiv2][body] POST https://iam.googleapis.com/v1/projects/conexaocasal-18136/serviceAccounts/conexaocasal-18136@appspot.gserviceaccount.com:testIamPermissions {"permissions":["iam.serviceAccounts.actAs"]}
[info] 
[info] === Deploying to 'conexaocasal-18136'...
[info] 
[info] i  deploying functions 
[debug] [2026-09-01T18:46:48.246Z] Checked if tokens are valid: true, expires at: 1788290037941
[debug] [2026-09-01T18:46:48.246Z] Checked if tokens are valid: true, expires at: 1788290037941
[debug] [2026-09-01T18:46:48.246Z] >>> [apiv2][query] GET https://cloudresourcemanager.googleapis.com/v1/projects/conexaocasal-18136 [none]
[debug] [2026-09-01T18:46:48.564Z] <<< [apiv2][status] GET https://cloudresourcemanager.googleapis.com/v1/projects/conexaocasal-18136 200
[debug] [2026-09-01T18:46:48.564Z] <<< [apiv2][body] GET https://cloudresourcemanager.googleapis.com/v1/projects/conexaocasal-18136 {"projectNumber":"897168498579","projectId":"conexaocasal-18136","lifecycleState":"ACTIVE","name":"conexaocasal","labels":{"firebase":"enabled","firebase-core":"disabled"},"createTime":"2025-06-09T17:06:39.844497Z"}
[info] i  functions: preparing codebase default for deployment 
[info] i  functions: ensuring required API cloudfunctions.googleapis.com is enabled... 
[info] i  functions: ensuring required API cloudbuild.googleapis.com is enabled... 
[info] i  artifactregistry: ensuring required API artifactregistry.googleapis.com is enabled... 
[debug] [2026-09-01T18:46:48.568Z] Checked if tokens are valid: true, expires at: 1788290037941
[debug] [2026-09-01T18:46:48.568Z] Checked if tokens are valid: true, expires at: 1788290037941
[debug] [2026-09-01T18:46:48.568Z] >>> [apiv2][query] GET https://firebase.googleapis.com/v1beta1/projects/conexaocasal-18136/adminSdkConfig [none]
[debug] [2026-09-01T18:46:49.237Z] <<< [apiv2][status] GET https://firebase.googleapis.com/v1beta1/projects/conexaocasal-18136/adminSdkConfig 200
[debug] [2026-09-01T18:46:49.237Z] <<< [apiv2][body] GET https://firebase.googleapis.com/v1beta1/projects/conexaocasal-18136/adminSdkConfig {"projectId":"conexaocasal-18136","storageBucket":"conexaocasal-18136.firebasestorage.app"}
[debug] [2026-09-01T18:46:49.238Z] Checked if tokens are valid: true, expires at: 1788290037941
[debug] [2026-09-01T18:46:49.238Z] Checked if tokens are valid: true, expires at: 1788290037941
[debug] [2026-09-01T18:46:49.238Z] >>> [apiv2][query] GET https://runtimeconfig.googleapis.com/v1beta1/projects/conexaocasal-18136/configs [none]
[debug] [2026-09-01T18:46:50.655Z] <<< [apiv2][status] GET https://runtimeconfig.googleapis.com/v1beta1/projects/conexaocasal-18136/configs 200
[debug] [2026-09-01T18:46:50.656Z] <<< [apiv2][body] GET https://runtimeconfig.googleapis.com/v1beta1/projects/conexaocasal-18136/configs {}
[debug] [2026-09-01T18:46:50.660Z] Validating nodejs source
[warn] !  functions: package.json indicates an outdated version of firebase-functions. Please upgrade using npm install --save firebase-functions@latest in your functions directory. 
[warn] !  functions: Please note that there will be breaking changes when you upgrade. 
[debug] [2026-09-01T18:46:52.033Z] > [functions] package.json contents: {
  "name": "duomatch-functions",
  "version": "1.0.0",
  "private": true,
  "description": "Cloud Functions do DuoMatch — emitem Web Push (FCM) para notificações 'com app fechado' (atividade do par, desafio do par, lembrete diário).",
  "engines": {
    "node": "22"
  },
  "main": "index.js",
  "scripts": {
    "deploy": "firebase deploy --only functions",
    "serve": "firebase emulators:start --only functions"
  },
  "dependencies": {
    "firebase-admin": "^12.1.0",
    "firebase-functions": "^5.0.0"
  }
}
[debug] [2026-09-01T18:46:52.033Z] Building nodejs source
[info] i  functions: Loading and analyzing source code for codebase default to determine what to deploy 
[debug] [2026-09-01T18:46:52.035Z] Could not find functions.yaml. Must use http discovery
[debug] [2026-09-01T18:46:52.048Z] Found firebase-functions binary at 'C:\Users\victo\OneDrive\Documentos\GitHub - Projetos\duomatch_new\functions\node_modules\.bin\firebase-functions'
[info] Serving at port 8808

[debug] [2026-09-01T18:46:52.844Z] Got response from /__/functions.yaml {"endpoints":{"notifyPartnerMarkedActivity":{"availableMemoryMb":null,"timeoutSeconds":null,"minInstances":null,"maxInstances":null,"ingressSettings":null,"concurrency":null,"serviceAccountEmail":null,"vpc":null,"platform":"gcfv2","region":["southamerica-east1"],"labels":{},"eventTrigger":{"eventType":"google.cloud.firestore.document.v1.updated","eventFilters":{"database":"(default)","namespace":"(default)"},"eventFilterPathPatterns":{"document":"duomatches/{coupleId}/activities/{activityId}"},"retry":false},"entryPoint":"notifyPartnerMarkedActivity"},"notifyPartnerSelectedSuggestion":{"availableMemoryMb":null,"timeoutSeconds":null,"minInstances":null,"maxInstances":null,"ingressSettings":null,"concurrency":null,"serviceAccountEmail":null,"vpc":null,"platform":"gcfv2","region":["southamerica-east1"],"labels":{},"eventTrigger":{"eventType":"google.cloud.firestore.document.v1.updated","eventFilters":{"database":"(default)","namespace":"(default)"},"eventFilterPathPatterns":{"document":"duomatches/{coupleId}/{suggestionsKind}/{date}"},"retry":false},"entryPoint":"notifyPartnerSelectedSuggestion"},"notifyPartnerCreatedChallenge":{"availableMemoryMb":null,"timeoutSeconds":null,"minInstances":null,"maxInstances":null,"ingressSettings":null,"concurrency":null,"serviceAccountEmail":null,"vpc":null,"platform":"gcfv2","region":["southamerica-east1"],"labels":{},"eventTrigger":{"eventType":"google.cloud.firestore.document.v1.created","eventFilters":{"database":"(default)","namespace":"(default)"},"eventFilterPathPatterns":{"document":"duomatches/{coupleId}/activities/{activityId}"},"retry":false},"entryPoint":"notifyPartnerCreatedChallenge"},"dailyReminder":{"availableMemoryMb":null,"timeoutSeconds":null,"minInstances":null,"maxInstances":null,"ingressSettings":null,"concurrency":null,"serviceAccountEmail":null,"vpc":null,"platform":"gcfv2","region":["us-central1"],"labels":{},"scheduleTrigger":{"schedule":"0 21 * * *","retryConfig":{},"timeZone":"America/Sao_Paulo"},"entryPoint":"dailyReminder"}},"specVersion":"v1alpha1","requiredAPIs":[{"api":"cloudscheduler.googleapis.com","reason":"Needed for scheduled functions."}],"extensions":{}}
[debug] [2026-09-01T18:46:55.895Z] Checked if tokens are valid: true, expires at: 1788290037941
[debug] [2026-09-01T18:46:55.895Z] Checked if tokens are valid: true, expires at: 1788290037941
[debug] [2026-09-01T18:46:55.895Z] >>> [apiv2][query] GET https://cloudfunctions.googleapis.com/v1/projects/conexaocasal-18136/locations/-/functions [none]
[debug] [2026-09-01T18:46:57.200Z] <<< [apiv2][status] GET https://cloudfunctions.googleapis.com/v1/projects/conexaocasal-18136/locations/-/functions 200
[debug] [2026-09-01T18:46:57.201Z] <<< [apiv2][body] GET https://cloudfunctions.googleapis.com/v1/projects/conexaocasal-18136/locations/-/functions {}
[debug] [2026-09-01T18:46:57.201Z] Checked if tokens are valid: true, expires at: 1788290037941
[debug] [2026-09-01T18:46:57.202Z] Checked if tokens are valid: true, expires at: 1788290037941
[debug] [2026-09-01T18:46:57.205Z] >>> [apiv2][query] GET https://cloudfunctions.googleapis.com/v2/projects/conexaocasal-18136/locations/-/functions filter=environment%3D%22GEN_2%22
[debug] [2026-09-01T18:46:58.762Z] <<< [apiv2][status] GET https://cloudfunctions.googleapis.com/v2/projects/conexaocasal-18136/locations/-/functions 200
[debug] [2026-09-01T18:46:58.762Z] <<< [apiv2][body] GET https://cloudfunctions.googleapis.com/v2/projects/conexaocasal-18136/locations/-/functions {"functions":[{"name":"projects/conexaocasal-18136/locations/southamerica-east1/functions/notifyPartnerCreatedChallenge","buildConfig":{"build":"projects/897168498579/locations/southamerica-east1/builds/47f26839-06a2-472f-9f35-cc906e0cc40d","runtime":"nodejs22","entryPoint":"notifyPartnerCreatedChallenge","source":{"storageSource":{"bucket":"gcf-v2-sources-897168498579-southamerica-east1","object":"notifyPartnerCreatedChallenge/function-source.zip","generation":"1788287044716667"}},"environmentVariables":{"GOOGLE_NODE_RUN_SCRIPTS":""},"dockerRepository":"projects/conexaocasal-18136/locations/southamerica-east1/repositories/gcf-artifacts","sourceProvenance":{"resolvedStorageSource":{"bucket":"gcf-v2-sources-897168498579-southamerica-east1","object":"notifyPartnerCreatedChallenge/function-source.zip","generation":"1788287044716667"}},"dockerRegistry":"ARTIFACT_REGISTRY","serviceAccount":"projects/conexaocasal-18136/serviceAccounts/897168498579-compute@developer.gserviceaccount.com","automaticUpdatePolicy":{}},"serviceConfig":{"service":"projects/conexaocasal-18136/locations/southamerica-east1/services/notifypartnercreatedchallenge","timeoutSeconds":60,"environmentVariables":{"FIREBASE_CONFIG":"{\"projectId\":\"conexaocasal-18136\",\"storageBucket\":\"conexaocasal-18136.firebasestorage.app\"}","GCLOUD_PROJECT":"conexaocasal-18136","EVENTARC_CLOUD_EVENT_SOURCE":"projects/conexaocasal-18136/locations/southamerica-east1/services/notifyPartnerCreatedChallenge","FUNCTION_REGION":"southamerica-east1","FUNCTION_SIGNATURE_TYPE":"cloudevent","FUNCTION_TARGET":"notifyPartnerCreatedChallenge","LOG_EXECUTION_ID":"true"},"ingressSettings":"ALLOW_ALL","uri":"https://notifypartnercreatedchallenge-defag5oeva-rj.a.run.app","serviceAccountEmail":"897168498579-compute@developer.gserviceaccount.com","availableMemory":"256Mi","allTrafficOnLatestRevision":true,"revision":"notifypartnercreatedchallenge-00001-zug","maxInstanceRequestConcurrency":80,"availableCpu":"1"},"eventTrigger":{"trigger":"projects/conexaocasal-18136/locations/southamerica-east1/triggers/notifypartnercreatedchallenge-953075","triggerRegion":"southamerica-east1","eventType":"google.cloud.firestore.document.v1.created","eventFilters":[{"attribute":"database","value":"(default)"},{"attribute":"namespace","value":"(default)"},{"attribute":"document","value":"duomatches/{coupleId}/activities/{activityId}","operator":"match-path-pattern"}],"pubsubTopic":"projects/conexaocasal-18136/topics/eventarc-southamerica-east1-notifypartnercreatedchallenge-953075-600","serviceAccountEmail":"897168498579-compute@developer.gserviceaccount.com","retryPolicy":"RETRY_POLICY_DO_NOT_RETRY"},"state":"ACTIVE","updateTime":"2026-09-01T18:24:28.943645575Z","labels":{"firebase-functions-hash":"433701c70431317dd02c6b07eaf57dc88d8c263a","deployment-tool":"cli-firebase"},"environment":"GEN_2","url":"https://southamerica-east1-conexaocasal-18136.cloudfunctions.net/notifyPartnerCreatedChallenge","satisfiesPzs":true,"createTime":"2026-09-01T18:24:05.870480848Z","satisfiesPzi":true},{"name":"projects/conexaocasal-18136/locations/southamerica-east1/functions/notifyPartnerMarkedActivity","buildConfig":{"build":"projects/897168498579/locations/southamerica-east1/builds/47f26839-06a2-472f-9f35-cc906e0cc40d","runtime":"nodejs22","entryPoint":"notifyPartnerMarkedActivity","source":{"storageSource":{"bucket":"gcf-v2-sources-897168498579-southamerica-east1","object":"notifyPartnerMarkedActivity/function-source.zip","generation":"1788286982073099"}},"environmentVariables":{"GOOGLE_NODE_RUN_SCRIPTS":""},"dockerRepository":"projects/conexaocasal-18136/locations/southamerica-east1/repositories/gcf-artifacts","sourceProvenance":{"resolvedStorageSource":{"bucket":"gcf-v2-sources-897168498579-southamerica-east1","object":"notifyPartnerMarkedActivity/function-source.zip","generation":"1788286982073099"}},"dockerRegistry":"ARTIFACT_REGISTRY","serviceAccount":"projects/conexaocasal-18136/serviceAccounts/897168498579-compute@developer.gserviceaccount.com","automaticUpdatePolicy":{}},"serviceConfig":{"service":"projects/conexaocasal-18136/locations/southamerica-east1/services/notifypartnermarkedactivity","timeoutSeconds":60,"environmentVariables":{"FIREBASE_CONFIG":"{\"projectId\":\"conexaocasal-18136\",\"storageBucket\":\"conexaocasal-18136.firebasestorage.app\"}","GCLOUD_PROJECT":"conexaocasal-18136","EVENTARC_CLOUD_EVENT_SOURCE":"projects/conexaocasal-18136/locations/southamerica-east1/services/notifyPartnerMarkedActivity","FUNCTION_REGION":"southamerica-east1","FUNCTION_SIGNATURE_TYPE":"cloudevent","FUNCTION_TARGET":"notifyPartnerMarkedActivity","LOG_EXECUTION_ID":"true"},"ingressSettings":"ALLOW_ALL","uri":"https://notifypartnermarkedactivity-defag5oeva-rj.a.run.app","serviceAccountEmail":"897168498579-compute@developer.gserviceaccount.com","availableMemory":"256Mi","allTrafficOnLatestRevision":true,"revision":"notifypartnermarkedactivity-00001-jan","maxInstanceRequestConcurrency":80,"availableCpu":"1"},"eventTrigger":{"trigger":"projects/conexaocasal-18136/locations/southamerica-east1/triggers/notifypartnermarkedactivity-397760","triggerRegion":"southamerica-east1","eventType":"google.cloud.firestore.document.v1.updated","eventFilters":[{"attribute":"document","value":"duomatches/{coupleId}/activities/{activityId}","operator":"match-path-pattern"},{"attribute":"database","value":"(default)"},{"attribute":"namespace","value":"(default)"}],"pubsubTopic":"projects/conexaocasal-18136/topics/eventarc-southamerica-east1-notifypartnermarkedactivity-397760-195","serviceAccountEmail":"897168498579-compute@developer.gserviceaccount.com","retryPolicy":"RETRY_POLICY_DO_NOT_RETRY"},"state":"ACTIVE","updateTime":"2026-09-01T18:24:27.407350878Z","labels":{"firebase-functions-hash":"433701c70431317dd02c6b07eaf57dc88d8c263a","deployment-tool":"cli-firebase"},"environment":"GEN_2","url":"https://southamerica-east1-conexaocasal-18136.cloudfunctions.net/notifyPartnerMarkedActivity","satisfiesPzs":true,"createTime":"2026-09-01T18:23:03.194576097Z","satisfiesPzi":true},{"name":"projects/conexaocasal-18136/locations/us-central1/functions/dailyReminder","buildConfig":{"build":"projects/897168498579/locations/us-central1/builds/444c4a65-fe65-44ca-8d0c-c7e3351ddcb7","runtime":"nodejs22","entryPoint":"dailyReminder","source":{"storageSource":{"bucket":"gcf-v2-sources-897168498579-us-central1","object":"dailyReminder/function-source.zip","generation":"1788286982199973"}},"environmentVariables":{"GOOGLE_NODE_RUN_SCRIPTS":""},"dockerRepository":"projects/conexaocasal-18136/locations/us-central1/repositories/gcf-artifacts","sourceProvenance":{"resolvedStorageSource":{"bucket":"gcf-v2-sources-897168498579-us-central1","object":"dailyReminder/function-source.zip","generation":"1788286982199973"}},"dockerRegistry":"ARTIFACT_REGISTRY","serviceAccount":"projects/conexaocasal-18136/serviceAccounts/897168498579-compute@developer.gserviceaccount.com","automaticUpdatePolicy":{}},"serviceConfig":{"service":"projects/conexaocasal-18136/locations/us-central1/services/dailyreminder","timeoutSeconds":60,"environmentVariables":{"FIREBASE_CONFIG":"{\"projectId\":\"conexaocasal-18136\",\"storageBucket\":\"conexaocasal-18136.firebasestorage.app\"}","GCLOUD_PROJECT":"conexaocasal-18136","EVENTARC_CLOUD_EVENT_SOURCE":"projects/conexaocasal-18136/locations/us-central1/services/dailyReminder","FUNCTION_REGION":"us-central1","FUNCTION_TARGET":"dailyReminder","LOG_EXECUTION_ID":"true"},"maxInstanceCount":3,"ingressSettings":"ALLOW_ALL","uri":"https://dailyreminder-defag5oeva-uc.a.run.app","serviceAccountEmail":"897168498579-compute@developer.gserviceaccount.com","availableMemory":"256Mi","allTrafficOnLatestRevision":true,"revision":"dailyreminder-00002-cim","maxInstanceRequestConcurrency":80,"availableCpu":"1"},"state":"ACTIVE","updateTime":"2026-09-01T18:24:17.885044307Z","labels":{"deployment-tool":"cli-firebase","deployment-scheduled":"true","firebase-functions-hash":"433701c70431317dd02c6b07eaf57dc88d8c263a"},"environment":"GEN_2","url":"https://us-central1-conexaocasal-18136.cloudfunctions.net/dailyReminder","createTime":"2026-09-01T18:18:37.512966422Z","satisfiesPzi":true}]}
[info] i  extensions: ensuring required API firebaseextensions.googleapis.com is enabled... 
[debug] [2026-09-01T18:46:58.764Z] > command requires scopes: ["email","openid","https://www.googleapis.com/auth/cloudplatformprojects.readonly","https://www.googleapis.com/auth/firebase","https://www.googleapis.com/auth/cloud-platform"]
[debug] [2026-09-01T18:46:58.764Z] > authorizing via signed-in user (victornogueirapintofgv@gmail.com)
[debug] [2026-09-01T18:46:58.764Z] [iam] checking project conexaocasal-18136 for permissions ["firebase.projects.get","firebaseextensions.instances.list"]
[debug] [2026-09-01T18:46:58.764Z] Checked if tokens are valid: true, expires at: 1788290037941
[debug] [2026-09-01T18:46:58.764Z] Checked if tokens are valid: true, expires at: 1788290037941
[debug] [2026-09-01T18:46:58.764Z] >>> [apiv2][query] POST https://cloudresourcemanager.googleapis.com/v1/projects/conexaocasal-18136:testIamPermissions [none]
[debug] [2026-09-01T18:46:58.764Z] >>> [apiv2][(partial)header] POST https://cloudresourcemanager.googleapis.com/v1/projects/conexaocasal-18136:testIamPermissions  x-goog-user-project=conexaocasal-18136
[debug] [2026-09-01T18:46:58.764Z] >>> [apiv2][body] POST https://cloudresourcemanager.googleapis.com/v1/projects/conexaocasal-18136:testIamPermissions {"permissions":["firebase.projects.get","firebaseextensions.instances.list"]}
[debug] [2026-09-01T18:46:59.829Z] <<< [apiv2][status] POST https://cloudresourcemanager.googleapis.com/v1/projects/conexaocasal-18136:testIamPermissions 200
[debug] [2026-09-01T18:46:59.829Z] <<< [apiv2][body] POST https://cloudresourcemanager.googleapis.com/v1/projects/conexaocasal-18136:testIamPermissions {"permissions":["firebase.projects.get","firebaseextensions.instances.list"]}
[debug] [2026-09-01T18:46:59.830Z] Checked if tokens are valid: true, expires at: 1788290037941
[debug] [2026-09-01T18:46:59.830Z] Checked if tokens are valid: true, expires at: 1788290037941
[debug] [2026-09-01T18:46:59.830Z] >>> [apiv2][query] GET https://firebaseextensions.googleapis.com/v1beta/projects/conexaocasal-18136/instances pageSize=100&pageToken=
[debug] [2026-09-01T18:47:01.163Z] <<< [apiv2][status] GET https://firebaseextensions.googleapis.com/v1beta/projects/conexaocasal-18136/instances 200
[debug] [2026-09-01T18:47:01.163Z] <<< [apiv2][body] GET https://firebaseextensions.googleapis.com/v1beta/projects/conexaocasal-18136/instances {}
[debug] [2026-09-01T18:47:01.165Z] Attempting to merge .env secret bindings {} into declared secrets...)}
[debug] [2026-09-01T18:47:01.165Z] notifyPartnerMarkedActivity declared secrets: undefined
[debug] [2026-09-01T18:47:01.165Z] notifyPartnerSelectedSuggestion declared secrets: undefined
[debug] [2026-09-01T18:47:01.165Z] notifyPartnerCreatedChallenge declared secrets: undefined
[debug] [2026-09-01T18:47:01.165Z] dailyReminder declared secrets: undefined
[info] i  functions: preparing functions directory for uploading... 
[info] i  functions: packaged C:\Users\victo\OneDrive\Documentos\GitHub - Projetos\duomatch_new\functions (34.11 KB) for uploading 
[debug] [2026-09-01T18:47:01.224Z] Checked if tokens are valid: true, expires at: 1788290037941
[debug] [2026-09-01T18:47:01.224Z] Checked if tokens are valid: true, expires at: 1788290037941
[debug] [2026-09-01T18:47:01.224Z] >>> [apiv2][query] GET https://firestore.googleapis.com/v1/projects/conexaocasal-18136/databases/(default) [none]
[debug] [2026-09-01T18:47:01.764Z] <<< [apiv2][status] GET https://firestore.googleapis.com/v1/projects/conexaocasal-18136/databases/(default) 200
[debug] [2026-09-01T18:47:01.765Z] <<< [apiv2][body] GET https://firestore.googleapis.com/v1/projects/conexaocasal-18136/databases/(default) {"name":"projects/conexaocasal-18136/databases/(default)","uid":"136a4227-3832-41d4-b703-939b48486f05","createTime":"2025-06-09T17:10:16.043460Z","updateTime":"2025-06-09T17:10:16.043460Z","locationId":"southamerica-east1","type":"FIRESTORE_NATIVE","concurrencyMode":"PESSIMISTIC","versionRetentionPeriod":"3600s","earliestVersionTime":"2026-09-01T17:47:02.442238Z","appEngineIntegrationMode":"DISABLED","keyPrefix":"i","pointInTimeRecoveryEnablement":"POINT_IN_TIME_RECOVERY_DISABLED","deleteProtectionState":"DELETE_PROTECTION_DISABLED","databaseEdition":"STANDARD","freeTier":true,"realtimeUpdatesMode":"REALTIME_UPDATES_MODE_ENABLED","enhancedTextSearchQueryMode":"ENHANCED_QUERY_MODE_ENABLED","etag":"IJTjs8GFzpYDMKf4nJnBzZYD"}
[info] i  functions: ensuring required API cloudscheduler.googleapis.com is enabled... 
[info] i  functions: ensuring required API run.googleapis.com is enabled... 
[info] i  functions: ensuring required API eventarc.googleapis.com is enabled... 
[info] i  functions: ensuring required API pubsub.googleapis.com is enabled... 
[info] i  functions: ensuring required API storage.googleapis.com is enabled... 
[info] i  functions: generating the service identity for pubsub.googleapis.com... 
[debug] [2026-09-01T18:47:01.774Z] Checked if tokens are valid: true, expires at: 1788290037941
[debug] [2026-09-01T18:47:01.774Z] Checked if tokens are valid: true, expires at: 1788290037941
[info] i  functions: generating the service identity for eventarc.googleapis.com... 
[debug] [2026-09-01T18:47:01.774Z] Checked if tokens are valid: true, expires at: 1788290037941
[debug] [2026-09-01T18:47:01.774Z] Checked if tokens are valid: true, expires at: 1788290037941
[debug] [2026-09-01T18:47:01.775Z] >>> [apiv2][query] POST https://serviceusage.googleapis.com/v1beta1/projects/897168498579/services/pubsub.googleapis.com:generateServiceIdentity [none]
[debug] [2026-09-01T18:47:01.775Z] >>> [apiv2][(partial)header] POST https://serviceusage.googleapis.com/v1beta1/projects/897168498579/services/pubsub.googleapis.com:generateServiceIdentity  x-goog-user-project=897168498579
[debug] [2026-09-01T18:47:01.775Z] >>> [apiv2][body] POST https://serviceusage.googleapis.com/v1beta1/projects/897168498579/services/pubsub.googleapis.com:generateServiceIdentity {}
[debug] [2026-09-01T18:47:01.776Z] >>> [apiv2][query] POST https://serviceusage.googleapis.com/v1beta1/projects/897168498579/services/eventarc.googleapis.com:generateServiceIdentity [none]
[debug] [2026-09-01T18:47:01.776Z] >>> [apiv2][(partial)header] POST https://serviceusage.googleapis.com/v1beta1/projects/897168498579/services/eventarc.googleapis.com:generateServiceIdentity  x-goog-user-project=897168498579
[debug] [2026-09-01T18:47:01.776Z] >>> [apiv2][body] POST https://serviceusage.googleapis.com/v1beta1/projects/897168498579/services/eventarc.googleapis.com:generateServiceIdentity {}
[debug] [2026-09-01T18:47:03.210Z] <<< [apiv2][status] POST https://serviceusage.googleapis.com/v1beta1/projects/897168498579/services/eventarc.googleapis.com:generateServiceIdentity 200
[debug] [2026-09-01T18:47:03.210Z] <<< [apiv2][body] POST https://serviceusage.googleapis.com/v1beta1/projects/897168498579/services/eventarc.googleapis.com:generateServiceIdentity {"name":"operations/finished.DONE_OPERATION","done":true,"response":{"@type":"type.googleapis.com/google.api.serviceusage.v1beta1.ServiceIdentity","email":"service-897168498579@gcp-sa-eventarc.iam.gserviceaccount.com","uniqueId":"102421799987409509576"}}
[debug] [2026-09-01T18:47:03.239Z] <<< [apiv2][status] POST https://serviceusage.googleapis.com/v1beta1/projects/897168498579/services/pubsub.googleapis.com:generateServiceIdentity 200
[debug] [2026-09-01T18:47:03.240Z] <<< [apiv2][body] POST https://serviceusage.googleapis.com/v1beta1/projects/897168498579/services/pubsub.googleapis.com:generateServiceIdentity {"name":"operations/finished.DONE_OPERATION","done":true,"response":{"@type":"type.googleapis.com/google.api.serviceusage.v1beta1.ServiceIdentity","email":"service-897168498579@gcp-sa-pubsub.iam.gserviceaccount.com","uniqueId":"103251544660967781701"}}
[debug] [2026-09-01T18:47:03.243Z] Checked if tokens are valid: true, expires at: 1788290037941
[debug] [2026-09-01T18:47:03.243Z] Checked if tokens are valid: true, expires at: 1788290037941
[debug] [2026-09-01T18:47:03.244Z] >>> [apiv2][query] GET https://cloudbilling.googleapis.com/v1/projects/conexaocasal-18136/billingInfo [none]
[debug] [2026-09-01T18:47:03.244Z] >>> [apiv2][(partial)header] GET https://cloudbilling.googleapis.com/v1/projects/conexaocasal-18136/billingInfo  x-goog-user-project=conexaocasal-18136
[debug] [2026-09-01T18:47:04.389Z] <<< [apiv2][status] GET https://cloudbilling.googleapis.com/v1/projects/conexaocasal-18136/billingInfo 200
[debug] [2026-09-01T18:47:04.389Z] <<< [apiv2][body] GET https://cloudbilling.googleapis.com/v1/projects/conexaocasal-18136/billingInfo {"name":"projects/conexaocasal-18136/billingInfo","projectId":"conexaocasal-18136","billingAccountName":"billingAccounts/01EA91-5036BA-7BE7F2","billingEnabled":true}
[debug] [2026-09-01T18:47:04.391Z] Checked if tokens are valid: true, expires at: 1788290037941
[debug] [2026-09-01T18:47:04.391Z] Checked if tokens are valid: true, expires at: 1788290037941
[debug] [2026-09-01T18:47:04.391Z] >>> [apiv2][query] POST https://cloudfunctions.googleapis.com/v2/projects/conexaocasal-18136/locations/southamerica-east1/functions:generateUploadUrl [none]
[debug] [2026-09-01T18:47:05.328Z] <<< [apiv2][status] POST https://cloudfunctions.googleapis.com/v2/projects/conexaocasal-18136/locations/southamerica-east1/functions:generateUploadUrl 200
[debug] [2026-09-01T18:47:05.328Z] <<< [apiv2][body] POST https://cloudfunctions.googleapis.com/v2/projects/conexaocasal-18136/locations/southamerica-east1/functions:generateUploadUrl {"uploadUrl":"https://storage.googleapis.com/gcf-v2-uploads-897168498579.southamerica-east1.cloudfunctions.appspot.com/27994643-ad36-4b83-b30a-e85d8c45a097.zip?GoogleAccessId=service-897168498579@gcf-admin-robot.iam.gserviceaccount.com&Expires=1788290225&Signature=KO5gYvE1asmKzK9oSZIs9e1qqMpxqLBNZ7aTJLncAXFpPakqr39RpCtBbVXeI9Azup5TBMNNht3fz637sZkDziJbm3Fw%2FTecY5G62yQajVEEIx02JuDIr6Emd5uGESuZqSeLgu6jDALNenAB%2B8gpg%2BMQ4%2FVmZsavQ%2BdpjNCmfQ5Hq1mwo8CL9Al4oaLbqVi2gNIUG0gn9qcaovYfUHRz6P8ZkDq5uLd2niioFLtvwuK3BejmZXc8PgPoDtah5CAgKIRRBUUjNSL9nhcDStQI3%2FeWnZHI5%2FttId8sFi736rFR%2FrJOFEPEraDiJZE8PA%2FJqAJ4rvkLw5235rnsUsbdtg%3D%3D","storageSource":{"bucket":"gcf-v2-uploads-897168498579.southamerica-east1.cloudfunctions.appspot.com","object":"27994643-ad36-4b83-b30a-e85d8c45a097.zip"}}
[debug] [2026-09-01T18:47:05.329Z] >>> [apiv2][query] PUT https://storage.googleapis.com/gcf-v2-uploads-897168498579.southamerica-east1.cloudfunctions.appspot.com/27994643-ad36-4b83-b30a-e85d8c45a097.zip GoogleAccessId=service-897168498579%40gcf-admin-robot.iam.gserviceaccount.com&Expires=1788290225&Signature=KO5gYvE1asmKzK9oSZIs9e1qqMpxqLBNZ7aTJLncAXFpPakqr39RpCtBbVXeI9Azup5TBMNNht3fz637sZkDziJbm3Fw%2FTecY5G62yQajVEEIx02JuDIr6Emd5uGESuZqSeLgu6jDALNenAB%2B8gpg%2BMQ4%2FVmZsavQ%2BdpjNCmfQ5Hq1mwo8CL9Al4oaLbqVi2gNIUG0gn9qcaovYfUHRz6P8ZkDq5uLd2niioFLtvwuK3BejmZXc8PgPoDtah5CAgKIRRBUUjNSL9nhcDStQI3%2FeWnZHI5%2FttId8sFi736rFR%2FrJOFEPEraDiJZE8PA%2FJqAJ4rvkLw5235rnsUsbdtg%3D%3D
[debug] [2026-09-01T18:47:05.329Z] >>> [apiv2][body] PUT https://storage.googleapis.com/gcf-v2-uploads-897168498579.southamerica-east1.cloudfunctions.appspot.com/27994643-ad36-4b83-b30a-e85d8c45a097.zip [stream]
[debug] [2026-09-01T18:47:05.889Z] <<< [apiv2][status] PUT https://storage.googleapis.com/gcf-v2-uploads-897168498579.southamerica-east1.cloudfunctions.appspot.com/27994643-ad36-4b83-b30a-e85d8c45a097.zip 200
[debug] [2026-09-01T18:47:05.889Z] <<< [apiv2][body] PUT https://storage.googleapis.com/gcf-v2-uploads-897168498579.southamerica-east1.cloudfunctions.appspot.com/27994643-ad36-4b83-b30a-e85d8c45a097.zip [omitted]
[info] +  functions: functions source uploaded successfully 
[info] i  functions: creating Node.js 22 (2nd Gen) function notifyPartnerSelectedSuggestion(southamerica-east1)... 
[info] i  functions: updating Node.js 22 (2nd Gen) function notifyPartnerMarkedActivity(southamerica-east1)... 
[info] i  functions: updating Node.js 22 (2nd Gen) function notifyPartnerCreatedChallenge(southamerica-east1)... 
[info] i  functions: updating Node.js 22 (2nd Gen) function dailyReminder(us-central1)... 
[debug] [2026-09-01T18:47:05.903Z] Checked if tokens are valid: true, expires at: 1788290037941
[debug] [2026-09-01T18:47:05.903Z] Checked if tokens are valid: true, expires at: 1788290037941
[debug] [2026-09-01T18:47:05.904Z] Checked if tokens are valid: true, expires at: 1788290037941
[debug] [2026-09-01T18:47:05.904Z] Checked if tokens are valid: true, expires at: 1788290037941
[debug] [2026-09-01T18:47:05.904Z] >>> [apiv2][query] POST https://cloudfunctions.googleapis.com/v2/projects/conexaocasal-18136/locations/southamerica-east1/functions functionId=notifyPartnerSelectedSuggestion
[debug] [2026-09-01T18:47:05.904Z] >>> [apiv2][body] POST https://cloudfunctions.googleapis.com/v2/projects/conexaocasal-18136/locations/southamerica-east1/functions {"name":"projects/conexaocasal-18136/locations/southamerica-east1/functions/notifyPartnerSelectedSuggestion","buildConfig":{"runtime":"nodejs22","entryPoint":"notifyPartnerSelectedSuggestion","source":{"storageSource":{"bucket":"gcf-v2-uploads-897168498579.southamerica-east1.cloudfunctions.appspot.com","object":"27994643-ad36-4b83-b30a-e85d8c45a097.zip"}},"environmentVariables":{"GOOGLE_NODE_RUN_SCRIPTS":""}},"serviceConfig":{"environmentVariables":{"FIREBASE_CONFIG":"{\"projectId\":\"conexaocasal-18136\",\"storageBucket\":\"conexaocasal-18136.firebasestorage.app\"}","GCLOUD_PROJECT":"conexaocasal-18136","EVENTARC_CLOUD_EVENT_SOURCE":"projects/conexaocasal-18136/locations/southamerica-east1/services/notifyPartnerSelectedSuggestion","FUNCTION_REGION":"southamerica-east1","FUNCTION_SIGNATURE_TYPE":"cloudevent","FUNCTION_TARGET":"notifyPartnerSelectedSuggestion","LOG_EXECUTION_ID":"true"},"ingressSettings":null,"timeoutSeconds":null,"serviceAccountEmail":null,"availableMemory":"256Mi","minInstanceCount":null,"maxInstanceCount":null,"maxInstanceRequestConcurrency":80,"availableCpu":"1","vpcConnector":null,"vpcConnectorEgressSettings":null,"directVpcNetworkInterface":null,"directVpcEgress":null},"labels":{"deployment-tool":"cli-firebase","firebase-functions-hash":"04ecf204b3cda3275e7f7b6ae26372c6bbf96685"},"eventTrigger":{"eventType":"google.cloud.firestore.document.v1.updated","retryPolicy":"RETRY_POLICY_DO_NOT_RETRY","eventFilters":[{"attribute":"database","value":"(default)"},{"attribute":"namespace","value":"(default)"},{"attribute":"document","value":"duomatches/{coupleId}/{suggestionsKind}/{date}","operator":"match-path-pattern"}],"triggerRegion":"southamerica-east1"}}
[debug] [2026-09-01T18:47:05.905Z] >>> [apiv2][query] PATCH https://cloudfunctions.googleapis.com/v2/projects/conexaocasal-18136/locations/us-central1/functions/dailyReminder updateMask=name%2CbuildConfig.runtime%2CbuildConfig.entryPoint%2CbuildConfig.source.storageSource.bucket%2CbuildConfig.source.storageSource.object%2CbuildConfig.environmentVariables%2CbuildConfig.sourceToken%2CserviceConfig.environmentVariables%2CserviceConfig.ingressSettings%2CserviceConfig.timeoutSeconds%2CserviceConfig.serviceAccountEmail%2CserviceConfig.availableMemory%2CserviceConfig.minInstanceCount%2CserviceConfig.maxInstanceCount%2CserviceConfig.maxInstanceRequestConcurrency%2CserviceConfig.availableCpu%2CserviceConfig.vpcConnector%2CserviceConfig.vpcConnectorEgressSettings%2CserviceConfig.directVpcNetworkInterface%2CserviceConfig.directVpcEgress%2Clabels
[debug] [2026-09-01T18:47:05.906Z] >>> [apiv2][body] PATCH https://cloudfunctions.googleapis.com/v2/projects/conexaocasal-18136/locations/us-central1/functions/dailyReminder {"name":"projects/conexaocasal-18136/locations/us-central1/functions/dailyReminder","buildConfig":{"runtime":"nodejs22","entryPoint":"dailyReminder","source":{"storageSource":{"bucket":"gcf-v2-uploads-897168498579.southamerica-east1.cloudfunctions.appspot.com","object":"27994643-ad36-4b83-b30a-e85d8c45a097.zip"}},"environmentVariables":{"GOOGLE_NODE_RUN_SCRIPTS":""}},"serviceConfig":{"environmentVariables":{"FIREBASE_CONFIG":"{\"projectId\":\"conexaocasal-18136\",\"storageBucket\":\"conexaocasal-18136.firebasestorage.app\"}","GCLOUD_PROJECT":"conexaocasal-18136","EVENTARC_CLOUD_EVENT_SOURCE":"projects/conexaocasal-18136/locations/us-central1/services/dailyReminder","FUNCTION_REGION":"us-central1","FUNCTION_TARGET":"dailyReminder","LOG_EXECUTION_ID":"true"},"ingressSettings":null,"timeoutSeconds":null,"serviceAccountEmail":null,"availableMemory":"256Mi","minInstanceCount":null,"maxInstanceCount":null,"maxInstanceRequestConcurrency":80,"availableCpu":"1","vpcConnector":null,"vpcConnectorEgressSettings":null,"directVpcNetworkInterface":null,"directVpcEgress":null},"labels":{"deployment-tool":"cli-firebase","deployment-scheduled":"true","firebase-functions-hash":"04ecf204b3cda3275e7f7b6ae26372c6bbf96685"}}
[debug] [2026-09-01T18:47:06.952Z] <<< [apiv2][status] POST https://cloudfunctions.googleapis.com/v2/projects/conexaocasal-18136/locations/southamerica-east1/functions 200
[debug] [2026-09-01T18:47:06.952Z] <<< [apiv2][body] POST https://cloudfunctions.googleapis.com/v2/projects/conexaocasal-18136/locations/southamerica-east1/functions {"name":"projects/conexaocasal-18136/locations/southamerica-east1/operations/operation-1788288426793-65a70586f5afb-730ec9b2-95db5f82","metadata":{"@type":"type.googleapis.com/google.cloud.functions.v2.OperationMetadata","createTime":"2026-09-01T18:47:07.572930697Z","target":"projects/conexaocasal-18136/locations/southamerica-east1/functions/notifyPartnerSelectedSuggestion","verb":"create","cancelRequested":false,"apiVersion":"v2"},"done":false}
[debug] [2026-09-01T18:47:06.954Z] Checked if tokens are valid: true, expires at: 1788290037941
[debug] [2026-09-01T18:47:06.954Z] Checked if tokens are valid: true, expires at: 1788290037941
[debug] [2026-09-01T18:47:06.954Z] >>> [apiv2][query] GET https://cloudfunctions.googleapis.com/v2/projects/conexaocasal-18136/locations/southamerica-east1/operations/operation-1788288426793-65a70586f5afb-730ec9b2-95db5f82 [none]
[debug] [2026-09-01T18:47:07.410Z] <<< [apiv2][status] GET https://cloudfunctions.googleapis.com/v2/projects/conexaocasal-18136/locations/southamerica-east1/operations/operation-1788288426793-65a70586f5afb-730ec9b2-95db5f82 200
[debug] [2026-09-01T18:47:07.410Z] <<< [apiv2][body] GET https://cloudfunctions.googleapis.com/v2/projects/conexaocasal-18136/locations/southamerica-east1/operations/operation-1788288426793-65a70586f5afb-730ec9b2-95db5f82 {"name":"projects/conexaocasal-18136/locations/southamerica-east1/operations/operation-1788288426793-65a70586f5afb-730ec9b2-95db5f82","metadata":{"@type":"type.googleapis.com/google.cloud.functions.v2.OperationMetadata","createTime":"2026-09-01T18:47:07.572930697Z","target":"projects/conexaocasal-18136/locations/southamerica-east1/functions/notifyPartnerSelectedSuggestion","verb":"create","cancelRequested":false,"apiVersion":"v2","requestResource":{"@type":"type.googleapis.com/google.cloud.functions.v2.Function","name":"projects/conexaocasal-18136/locations/southamerica-east1/functions/notifyPartnerSelectedSuggestion","buildConfig":{"runtime":"nodejs22","entryPoint":"notifyPartnerSelectedSuggestion","source":{"storageSource":{"bucket":"gcf-v2-sources-897168498579-southamerica-east1","object":"notifyPartnerSelectedSuggestion/function-source.zip","generation":"1788288426998712"}},"environmentVariables":{"GOOGLE_NODE_RUN_SCRIPTS":""},"serviceAccount":"projects/conexaocasal-18136/serviceAccounts/897168498579-compute@developer.gserviceaccount.com","automaticUpdatePolicy":{}},"serviceConfig":{"service":"projects/conexaocasal-18136/locations/southamerica-east1/services/notifypartnerselectedsuggestion","timeoutSeconds":60,"environmentVariables":{"FIREBASE_CONFIG":"{\"projectId\":\"conexaocasal-18136\",\"storageBucket\":\"conexaocasal-18136.firebasestorage.app\"}","GCLOUD_PROJECT":"conexaocasal-18136","EVENTARC_CLOUD_EVENT_SOURCE":"projects/conexaocasal-18136/locations/southamerica-east1/services/notifyPartnerSelectedSuggestion","FUNCTION_REGION":"southamerica-east1","FUNCTION_SIGNATURE_TYPE":"cloudevent","FUNCTION_TARGET":"notifyPartnerSelectedSuggestion","LOG_EXECUTION_ID":"true"},"ingressSettings":"ALLOW_ALL","serviceAccountEmail":"897168498579-compute@developer.gserviceaccount.com","availableMemory":"256Mi","maxInstanceRequestConcurrency":80,"availableCpu":"1"},"eventTrigger":{"trigger":"projects/conexaocasal-18136/locations/southamerica-east1/triggers/notifypartnerselectedsuggestion-849366","triggerRegion":"southamerica-east1","eventType":"google.cloud.firestore.document.v1.updated","eventFilters":[{"attribute":"database","value":"(default)"},{"attribute":"namespace","value":"(default)"},{"attribute":"document","value":"duomatches/{coupleId}/{suggestionsKind}/{date}","operator":"match-path-pattern"}],"serviceAccountEmail":"897168498579-compute@developer.gserviceaccount.com","retryPolicy":"RETRY_POLICY_DO_NOT_RETRY"},"labels":{"deployment-tool":"cli-firebase","firebase-functions-hash":"04ecf204b3cda3275e7f7b6ae26372c6bbf96685"},"environment":"GEN_2"},"stages":[{"name":"BUILD","state":"NOT_STARTED"},{"name":"SERVICE","state":"NOT_STARTED"},{"name":"TRIGGER","state":"NOT_STARTED"}],"operationType":"CREATE_FUNCTION"},"done":false}
[debug] [2026-09-01T18:47:07.919Z] [create-default-southamerica-east1-notifyPartnerSelectedSuggestion] Retrying task index 0
[debug] [2026-09-01T18:47:07.920Z] Checked if tokens are valid: true, expires at: 1788290037941
[debug] [2026-09-01T18:47:07.920Z] Checked if tokens are valid: true, expires at: 1788290037941
[debug] [2026-09-01T18:47:07.920Z] >>> [apiv2][query] GET https://cloudfunctions.googleapis.com/v2/projects/conexaocasal-18136/locations/southamerica-east1/operations/operation-1788288426793-65a70586f5afb-730ec9b2-95db5f82 [none]
[debug] [2026-09-01T18:47:08.177Z] <<< [apiv2][status] GET https://cloudfunctions.googleapis.com/v2/projects/conexaocasal-18136/locations/southamerica-east1/operations/operation-1788288426793-65a70586f5afb-730ec9b2-95db5f82 200
[debug] [2026-09-01T18:47:08.177Z] <<< [apiv2][body] GET https://cloudfunctions.googleapis.com/v2/projects/conexaocasal-18136/locations/southamerica-east1/operations/operation-1788288426793-65a70586f5afb-730ec9b2-95db5f82 {"name":"projects/conexaocasal-18136/locations/southamerica-east1/operations/operation-1788288426793-65a70586f5afb-730ec9b2-95db5f82","metadata":{"@type":"type.googleapis.com/google.cloud.functions.v2.OperationMetadata","createTime":"2026-09-01T18:47:07.572930697Z","target":"projects/conexaocasal-18136/locations/southamerica-east1/functions/notifyPartnerSelectedSuggestion","verb":"create","cancelRequested":false,"apiVersion":"v2","requestResource":{"@type":"type.googleapis.com/google.cloud.functions.v2.Function","name":"projects/conexaocasal-18136/locations/southamerica-east1/functions/notifyPartnerSelectedSuggestion","buildConfig":{"runtime":"nodejs22","entryPoint":"notifyPartnerSelectedSuggestion","source":{"storageSource":{"bucket":"gcf-v2-sources-897168498579-southamerica-east1","object":"notifyPartnerSelectedSuggestion/function-source.zip","generation":"1788288426998712"}},"environmentVariables":{"GOOGLE_NODE_RUN_SCRIPTS":""},"serviceAccount":"projects/conexaocasal-18136/serviceAccounts/897168498579-compute@developer.gserviceaccount.com","automaticUpdatePolicy":{}},"serviceConfig":{"service":"projects/conexaocasal-18136/locations/southamerica-east1/services/notifypartnerselectedsuggestion","timeoutSeconds":60,"environmentVariables":{"FIREBASE_CONFIG":"{\"projectId\":\"conexaocasal-18136\",\"storageBucket\":\"conexaocasal-18136.firebasestorage.app\"}","GCLOUD_PROJECT":"conexaocasal-18136","EVENTARC_CLOUD_EVENT_SOURCE":"projects/conexaocasal-18136/locations/southamerica-east1/services/notifyPartnerSelectedSuggestion","FUNCTION_REGION":"southamerica-east1","FUNCTION_SIGNATURE_TYPE":"cloudevent","FUNCTION_TARGET":"notifyPartnerSelectedSuggestion","LOG_EXECUTION_ID":"true"},"ingressSettings":"ALLOW_ALL","serviceAccountEmail":"897168498579-compute@developer.gserviceaccount.com","availableMemory":"256Mi","maxInstanceRequestConcurrency":80,"availableCpu":"1"},"eventTrigger":{"trigger":"projects/conexaocasal-18136/locations/southamerica-east1/triggers/notifypartnerselectedsuggestion-849366","triggerRegion":"southamerica-east1","eventType":"google.cloud.firestore.document.v1.updated","eventFilters":[{"attribute":"database","value":"(default)"},{"attribute":"namespace","value":"(default)"},{"attribute":"document","value":"duomatches/{coupleId}/{suggestionsKind}/{date}","operator":"match-path-pattern"}],"serviceAccountEmail":"897168498579-compute@developer.gserviceaccount.com","retryPolicy":"RETRY_POLICY_DO_NOT_RETRY"},"labels":{"deployment-tool":"cli-firebase","firebase-functions-hash":"04ecf204b3cda3275e7f7b6ae26372c6bbf96685"},"environment":"GEN_2"},"stages":[{"name":"BUILD","state":"NOT_STARTED"},{"name":"SERVICE","state":"NOT_STARTED"},{"name":"TRIGGER","state":"NOT_STARTED"}],"operationType":"CREATE_FUNCTION"},"done":false}
[debug] [2026-09-01T18:47:09.175Z] <<< [apiv2][status] PATCH https://cloudfunctions.googleapis.com/v2/projects/conexaocasal-18136/locations/us-central1/functions/dailyReminder 200
[debug] [2026-09-01T18:47:09.176Z] <<< [apiv2][body] PATCH https://cloudfunctions.googleapis.com/v2/projects/conexaocasal-18136/locations/us-central1/functions/dailyReminder {"name":"projects/conexaocasal-18136/locations/us-central1/operations/operation-1788288427744-65a70587ddb60-50a577ac-e534fef6","metadata":{"@type":"type.googleapis.com/google.cloud.functions.v2.OperationMetadata","createTime":"2026-09-01T18:47:09.705774043Z","target":"projects/conexaocasal-18136/locations/us-central1/functions/dailyReminder","verb":"update","cancelRequested":false,"apiVersion":"v2"},"done":false}
[debug] [2026-09-01T18:47:09.176Z] Checked if tokens are valid: true, expires at: 1788290037941
[debug] [2026-09-01T18:47:09.177Z] Checked if tokens are valid: true, expires at: 1788290037941
[debug] [2026-09-01T18:47:09.177Z] >>> [apiv2][query] GET https://cloudfunctions.googleapis.com/v2/projects/conexaocasal-18136/locations/us-central1/operations/operation-1788288427744-65a70587ddb60-50a577ac-e534fef6 [none]
[debug] [2026-09-01T18:47:09.179Z] [create-default-southamerica-east1-notifyPartnerSelectedSuggestion] Retrying task index 0
[debug] [2026-09-01T18:47:09.179Z] Checked if tokens are valid: true, expires at: 1788290037941
[debug] [2026-09-01T18:47:09.179Z] Checked if tokens are valid: true, expires at: 1788290037941
[debug] [2026-09-01T18:47:09.179Z] >>> [apiv2][query] GET https://cloudfunctions.googleapis.com/v2/projects/conexaocasal-18136/locations/southamerica-east1/operations/operation-1788288426793-65a70586f5afb-730ec9b2-95db5f82 [none]
[debug] [2026-09-01T18:47:09.501Z] <<< [apiv2][status] GET https://cloudfunctions.googleapis.com/v2/projects/conexaocasal-18136/locations/us-central1/operations/operation-1788288427744-65a70587ddb60-50a577ac-e534fef6 200
[debug] [2026-09-01T18:47:09.502Z] <<< [apiv2][body] GET https://cloudfunctions.googleapis.com/v2/projects/conexaocasal-18136/locations/us-central1/operations/operation-1788288427744-65a70587ddb60-50a577ac-e534fef6 {"name":"projects/conexaocasal-18136/locations/us-central1/operations/operation-1788288427744-65a70587ddb60-50a577ac-e534fef6","metadata":{"@type":"type.googleapis.com/google.cloud.functions.v2.OperationMetadata","createTime":"2026-09-01T18:47:09.705774043Z","target":"projects/conexaocasal-18136/locations/us-central1/functions/dailyReminder","verb":"update","cancelRequested":false,"apiVersion":"v2","requestResource":{"@type":"type.googleapis.com/google.cloud.functions.v2.Function","name":"projects/conexaocasal-18136/locations/us-central1/functions/dailyReminder","buildConfig":{"runtime":"nodejs22","entryPoint":"dailyReminder","source":{"storageSource":{"bucket":"gcf-v2-sources-897168498579-us-central1","object":"dailyReminder/function-source.zip","generation":"1788288429602812"}},"environmentVariables":{"GOOGLE_NODE_RUN_SCRIPTS":""},"dockerRepository":"projects/conexaocasal-18136/locations/us-central1/repositories/gcf-artifacts","sourceProvenance":{"resolvedStorageSource":{"bucket":"gcf-v2-sources-897168498579-us-central1","object":"dailyReminder/function-source.zip","generation":"1788286982199973"}},"dockerRegistry":"ARTIFACT_REGISTRY","serviceAccount":"projects/conexaocasal-18136/serviceAccounts/897168498579-compute@developer.gserviceaccount.com","automaticUpdatePolicy":{}},"serviceConfig":{"service":"projects/conexaocasal-18136/locations/us-central1/services/dailyreminder","timeoutSeconds":60,"environmentVariables":{"FIREBASE_CONFIG":"{\"projectId\":\"conexaocasal-18136\",\"storageBucket\":\"conexaocasal-18136.firebasestorage.app\"}","GCLOUD_PROJECT":"conexaocasal-18136","EVENTARC_CLOUD_EVENT_SOURCE":"projects/conexaocasal-18136/locations/us-central1/services/dailyReminder","FUNCTION_REGION":"us-central1","FUNCTION_TARGET":"dailyReminder","LOG_EXECUTION_ID":"true"},"ingressSettings":"ALLOW_ALL","uri":"https://dailyreminder-defag5oeva-uc.a.run.app","serviceAccountEmail":"897168498579-compute@developer.gserviceaccount.com","availableMemory":"256Mi","allTrafficOnLatestRevision":true,"revision":"dailyreminder-00002-cim","maxInstanceRequestConcurrency":80,"availableCpu":"1"},"state":"ACTIVE","labels":{"deployment-tool":"cli-firebase","deployment-scheduled":"true","firebase-functions-hash":"04ecf204b3cda3275e7f7b6ae26372c6bbf96685"},"environment":"GEN_2","url":"https://us-central1-conexaocasal-18136.cloudfunctions.net/dailyReminder","satisfiesPzi":true},"stages":[{"name":"BUILD","state":"NOT_STARTED"},{"name":"SERVICE","state":"NOT_STARTED"}],"operationType":"UPDATE_FUNCTION"},"done":false}
[debug] [2026-09-01T18:47:09.599Z] <<< [apiv2][status] GET https://cloudfunctions.googleapis.com/v2/projects/conexaocasal-18136/locations/southamerica-east1/operations/operation-1788288426793-65a70586f5afb-730ec9b2-95db5f82 200
[debug] [2026-09-01T18:47:09.599Z] <<< [apiv2][body] GET https://cloudfunctions.googleapis.com/v2/projects/conexaocasal-18136/locations/southamerica-east1/operations/operation-1788288426793-65a70586f5afb-730ec9b2-95db5f82 {"name":"projects/conexaocasal-18136/locations/southamerica-east1/operations/operation-1788288426793-65a70586f5afb-730ec9b2-95db5f82","metadata":{"@type":"type.googleapis.com/google.cloud.functions.v2.OperationMetadata","createTime":"2026-09-01T18:47:07.572930697Z","target":"projects/conexaocasal-18136/locations/southamerica-east1/functions/notifyPartnerSelectedSuggestion","verb":"create","cancelRequested":false,"apiVersion":"v2","requestResource":{"@type":"type.googleapis.com/google.cloud.functions.v2.Function","name":"projects/conexaocasal-18136/locations/southamerica-east1/functions/notifyPartnerSelectedSuggestion","buildConfig":{"runtime":"nodejs22","entryPoint":"notifyPartnerSelectedSuggestion","source":{"storageSource":{"bucket":"gcf-v2-sources-897168498579-southamerica-east1","object":"notifyPartnerSelectedSuggestion/function-source.zip","generation":"1788288426998712"}},"environmentVariables":{"GOOGLE_NODE_RUN_SCRIPTS":""},"serviceAccount":"projects/conexaocasal-18136/serviceAccounts/897168498579-compute@developer.gserviceaccount.com","automaticUpdatePolicy":{}},"serviceConfig":{"service":"projects/conexaocasal-18136/locations/southamerica-east1/services/notifypartnerselectedsuggestion","timeoutSeconds":60,"environmentVariables":{"FIREBASE_CONFIG":"{\"projectId\":\"conexaocasal-18136\",\"storageBucket\":\"conexaocasal-18136.firebasestorage.app\"}","GCLOUD_PROJECT":"conexaocasal-18136","EVENTARC_CLOUD_EVENT_SOURCE":"projects/conexaocasal-18136/locations/southamerica-east1/services/notifyPartnerSelectedSuggestion","FUNCTION_REGION":"southamerica-east1","FUNCTION_SIGNATURE_TYPE":"cloudevent","FUNCTION_TARGET":"notifyPartnerSelectedSuggestion","LOG_EXECUTION_ID":"true"},"ingressSettings":"ALLOW_ALL","serviceAccountEmail":"897168498579-compute@developer.gserviceaccount.com","availableMemory":"256Mi","maxInstanceRequestConcurrency":80,"availableCpu":"1"},"eventTrigger":{"trigger":"projects/conexaocasal-18136/locations/southamerica-east1/triggers/notifypartnerselectedsuggestion-849366","triggerRegion":"southamerica-east1","eventType":"google.cloud.firestore.document.v1.updated","eventFilters":[{"attribute":"database","value":"(default)"},{"attribute":"namespace","value":"(default)"},{"attribute":"document","value":"duomatches/{coupleId}/{suggestionsKind}/{date}","operator":"match-path-pattern"}],"serviceAccountEmail":"897168498579-compute@developer.gserviceaccount.com","retryPolicy":"RETRY_POLICY_DO_NOT_RETRY"},"labels":{"deployment-tool":"cli-firebase","firebase-functions-hash":"04ecf204b3cda3275e7f7b6ae26372c6bbf96685"},"environment":"GEN_2"},"stages":[{"name":"BUILD","message":"Build in progress","state":"IN_PROGRESS","resource":"projects/897168498579/locations/southamerica-east1/builds/1480892b-05b8-4768-8f38-ce35ffef87a5","resourceUri":"https://console.cloud.google.com/cloud-build/builds;region=southamerica-east1/1480892b-05b8-4768-8f38-ce35ffef87a5?project=897168498579"},{"name":"SERVICE","state":"NOT_STARTED"},{"name":"TRIGGER","state":"NOT_STARTED"}],"operationType":"CREATE_FUNCTION","buildName":"projects/897168498579/locations/southamerica-east1/builds/1480892b-05b8-4768-8f38-ce35ffef87a5"},"done":false}
[debug] [2026-09-01T18:47:10.004Z] [update-default-us-central1-dailyReminder] Retrying task index 0
[debug] [2026-09-01T18:47:10.005Z] Checked if tokens are valid: true, expires at: 1788290037941
[debug] [2026-09-01T18:47:10.005Z] Checked if tokens are valid: true, expires at: 1788290037941
[debug] [2026-09-01T18:47:10.005Z] >>> [apiv2][query] GET https://cloudfunctions.googleapis.com/v2/projects/conexaocasal-18136/locations/us-central1/operations/operation-1788288427744-65a70587ddb60-50a577ac-e534fef6 [none]
[debug] [2026-09-01T18:47:11.088Z] <<< [apiv2][status] GET https://cloudfunctions.googleapis.com/v2/projects/conexaocasal-18136/locations/us-central1/operations/operation-1788288427744-65a70587ddb60-50a577ac-e534fef6 200
[debug] [2026-09-01T18:47:11.088Z] <<< [apiv2][body] GET https://cloudfunctions.googleapis.com/v2/projects/conexaocasal-18136/locations/us-central1/operations/operation-1788288427744-65a70587ddb60-50a577ac-e534fef6 {"name":"projects/conexaocasal-18136/locations/us-central1/operations/operation-1788288427744-65a70587ddb60-50a577ac-e534fef6","metadata":{"@type":"type.googleapis.com/google.cloud.functions.v2.OperationMetadata","createTime":"2026-09-01T18:47:09.705774043Z","target":"projects/conexaocasal-18136/locations/us-central1/functions/dailyReminder","verb":"update","cancelRequested":false,"apiVersion":"v2","requestResource":{"@type":"type.googleapis.com/google.cloud.functions.v2.Function","name":"projects/conexaocasal-18136/locations/us-central1/functions/dailyReminder","buildConfig":{"runtime":"nodejs22","entryPoint":"dailyReminder","source":{"storageSource":{"bucket":"gcf-v2-sources-897168498579-us-central1","object":"dailyReminder/function-source.zip","generation":"1788288429602812"}},"environmentVariables":{"GOOGLE_NODE_RUN_SCRIPTS":""},"dockerRepository":"projects/conexaocasal-18136/locations/us-central1/repositories/gcf-artifacts","sourceProvenance":{"resolvedStorageSource":{"bucket":"gcf-v2-sources-897168498579-us-central1","object":"dailyReminder/function-source.zip","generation":"1788286982199973"}},"dockerRegistry":"ARTIFACT_REGISTRY","serviceAccount":"projects/conexaocasal-18136/serviceAccounts/897168498579-compute@developer.gserviceaccount.com","automaticUpdatePolicy":{}},"serviceConfig":{"service":"projects/conexaocasal-18136/locations/us-central1/services/dailyreminder","timeoutSeconds":60,"environmentVariables":{"FIREBASE_CONFIG":"{\"projectId\":\"conexaocasal-18136\",\"storageBucket\":\"conexaocasal-18136.firebasestorage.app\"}","GCLOUD_PROJECT":"conexaocasal-18136","EVENTARC_CLOUD_EVENT_SOURCE":"projects/conexaocasal-18136/locations/us-central1/services/dailyReminder","FUNCTION_REGION":"us-central1","FUNCTION_TARGET":"dailyReminder","LOG_EXECUTION_ID":"true"},"ingressSettings":"ALLOW_ALL","uri":"https://dailyreminder-defag5oeva-uc.a.run.app","serviceAccountEmail":"897168498579-compute@developer.gserviceaccount.com","availableMemory":"256Mi","allTrafficOnLatestRevision":true,"revision":"dailyreminder-00002-cim","maxInstanceRequestConcurrency":80,"availableCpu":"1"},"state":"ACTIVE","labels":{"deployment-tool":"cli-firebase","deployment-scheduled":"true","firebase-functions-hash":"04ecf204b3cda3275e7f7b6ae26372c6bbf96685"},"environment":"GEN_2","url":"https://us-central1-conexaocasal-18136.cloudfunctions.net/dailyReminder","satisfiesPzi":true},"stages":[{"name":"BUILD","message":"Build in progress","state":"IN_PROGRESS","resource":"projects/897168498579/locations/us-central1/builds/6f27d92e-1685-42dc-b387-0e7ce6b19c6a","resourceUri":"https://console.cloud.google.com/cloud-build/builds;region=us-central1/6f27d92e-1685-42dc-b387-0e7ce6b19c6a?project=897168498579"},{"name":"SERVICE","state":"NOT_STARTED"}],"operationType":"UPDATE_FUNCTION","buildName":"projects/897168498579/locations/us-central1/builds/6f27d92e-1685-42dc-b387-0e7ce6b19c6a"},"done":false}
[debug] [2026-09-01T18:47:11.616Z] [create-default-southamerica-east1-notifyPartnerSelectedSuggestion] Retrying task index 0
[debug] [2026-09-01T18:47:11.616Z] Checked if tokens are valid: true, expires at: 1788290037941
[debug] [2026-09-01T18:47:11.616Z] Checked if tokens are valid: true, expires at: 1788290037941
[debug] [2026-09-01T18:47:11.617Z] >>> [apiv2][query] GET https://cloudfunctions.googleapis.com/v2/projects/conexaocasal-18136/locations/southamerica-east1/operations/operation-1788288426793-65a70586f5afb-730ec9b2-95db5f82 [none]
[debug] [2026-09-01T18:47:12.100Z] [update-default-us-central1-dailyReminder] Retrying task index 0
[debug] [2026-09-01T18:47:12.100Z] Checked if tokens are valid: true, expires at: 1788290037941
[debug] [2026-09-01T18:47:12.100Z] Checked if tokens are valid: true, expires at: 1788290037941
[debug] [2026-09-01T18:47:12.100Z] >>> [apiv2][query] GET https://cloudfunctions.googleapis.com/v2/projects/conexaocasal-18136/locations/us-central1/operations/operation-1788288427744-65a70587ddb60-50a577ac-e534fef6 [none]
[debug] [2026-09-01T18:47:12.101Z] <<< [apiv2][status] GET https://cloudfunctions.googleapis.com/v2/projects/conexaocasal-18136/locations/southamerica-east1/operations/operation-1788288426793-65a70586f5afb-730ec9b2-95db5f82 200
[debug] [2026-09-01T18:47:12.101Z] <<< [apiv2][body] GET https://cloudfunctions.googleapis.com/v2/projects/conexaocasal-18136/locations/southamerica-east1/operations/operation-1788288426793-65a70586f5afb-730ec9b2-95db5f82 {"name":"projects/conexaocasal-18136/locations/southamerica-east1/operations/operation-1788288426793-65a70586f5afb-730ec9b2-95db5f82","metadata":{"@type":"type.googleapis.com/google.cloud.functions.v2.OperationMetadata","createTime":"2026-09-01T18:47:07.572930697Z","target":"projects/conexaocasal-18136/locations/southamerica-east1/functions/notifyPartnerSelectedSuggestion","verb":"create","cancelRequested":false,"apiVersion":"v2","requestResource":{"@type":"type.googleapis.com/google.cloud.functions.v2.Function","name":"projects/conexaocasal-18136/locations/southamerica-east1/functions/notifyPartnerSelectedSuggestion","buildConfig":{"runtime":"nodejs22","entryPoint":"notifyPartnerSelectedSuggestion","source":{"storageSource":{"bucket":"gcf-v2-sources-897168498579-southamerica-east1","object":"notifyPartnerSelectedSuggestion/function-source.zip","generation":"1788288426998712"}},"environmentVariables":{"GOOGLE_NODE_RUN_SCRIPTS":""},"serviceAccount":"projects/conexaocasal-18136/serviceAccounts/897168498579-compute@developer.gserviceaccount.com","automaticUpdatePolicy":{}},"serviceConfig":{"service":"projects/conexaocasal-18136/locations/southamerica-east1/services/notifypartnerselectedsuggestion","timeoutSeconds":60,"environmentVariables":{"FIREBASE_CONFIG":"{\"projectId\":\"conexaocasal-18136\",\"storageBucket\":\"conexaocasal-18136.firebasestorage.app\"}","GCLOUD_PROJECT":"conexaocasal-18136","EVENTARC_CLOUD_EVENT_SOURCE":"projects/conexaocasal-18136/locations/southamerica-east1/services/notifyPartnerSelectedSuggestion","FUNCTION_REGION":"southamerica-east1","FUNCTION_SIGNATURE_TYPE":"cloudevent","FUNCTION_TARGET":"notifyPartnerSelectedSuggestion","LOG_EXECUTION_ID":"true"},"ingressSettings":"ALLOW_ALL","serviceAccountEmail":"897168498579-compute@developer.gserviceaccount.com","availableMemory":"256Mi","maxInstanceRequestConcurrency":80,"availableCpu":"1"},"eventTrigger":{"trigger":"projects/conexaocasal-18136/locations/southamerica-east1/triggers/notifypartnerselectedsuggestion-849366","triggerRegion":"southamerica-east1","eventType":"google.cloud.firestore.document.v1.updated","eventFilters":[{"attribute":"database","value":"(default)"},{"attribute":"namespace","value":"(default)"},{"attribute":"document","value":"duomatches/{coupleId}/{suggestionsKind}/{date}","operator":"match-path-pattern"}],"serviceAccountEmail":"897168498579-compute@developer.gserviceaccount.com","retryPolicy":"RETRY_POLICY_DO_NOT_RETRY"},"labels":{"deployment-tool":"cli-firebase","firebase-functions-hash":"04ecf204b3cda3275e7f7b6ae26372c6bbf96685"},"environment":"GEN_2"},"stages":[{"name":"BUILD","message":"Build in progress","state":"IN_PROGRESS","resource":"projects/897168498579/locations/southamerica-east1/builds/1480892b-05b8-4768-8f38-ce35ffef87a5","resourceUri":"https://console.cloud.google.com/cloud-build/builds;region=southamerica-east1/1480892b-05b8-4768-8f38-ce35ffef87a5?project=897168498579"},{"name":"SERVICE","state":"NOT_STARTED"},{"name":"TRIGGER","state":"NOT_STARTED"}],"operationType":"CREATE_FUNCTION","buildName":"projects/897168498579/locations/southamerica-east1/builds/1480892b-05b8-4768-8f38-ce35ffef87a5"},"done":false}
[debug] [2026-09-01T18:47:13.165Z] <<< [apiv2][status] GET https://cloudfunctions.googleapis.com/v2/projects/conexaocasal-18136/locations/us-central1/operations/operation-1788288427744-65a70587ddb60-50a577ac-e534fef6 200
[debug] [2026-09-01T18:47:13.165Z] <<< [apiv2][body] GET https://cloudfunctions.googleapis.com/v2/projects/conexaocasal-18136/locations/us-central1/operations/operation-1788288427744-65a70587ddb60-50a577ac-e534fef6 {"name":"projects/conexaocasal-18136/locations/us-central1/operations/operation-1788288427744-65a70587ddb60-50a577ac-e534fef6","metadata":{"@type":"type.googleapis.com/google.cloud.functions.v2.OperationMetadata","createTime":"2026-09-01T18:47:09.705774043Z","target":"projects/conexaocasal-18136/locations/us-central1/functions/dailyReminder","verb":"update","cancelRequested":false,"apiVersion":"v2","requestResource":{"@type":"type.googleapis.com/google.cloud.functions.v2.Function","name":"projects/conexaocasal-18136/locations/us-central1/functions/dailyReminder","buildConfig":{"runtime":"nodejs22","entryPoint":"dailyReminder","source":{"storageSource":{"bucket":"gcf-v2-sources-897168498579-us-central1","object":"dailyReminder/function-source.zip","generation":"1788288429602812"}},"environmentVariables":{"GOOGLE_NODE_RUN_SCRIPTS":""},"dockerRepository":"projects/conexaocasal-18136/locations/us-central1/repositories/gcf-artifacts","sourceProvenance":{"resolvedStorageSource":{"bucket":"gcf-v2-sources-897168498579-us-central1","object":"dailyReminder/function-source.zip","generation":"1788286982199973"}},"dockerRegistry":"ARTIFACT_REGISTRY","serviceAccount":"projects/conexaocasal-18136/serviceAccounts/897168498579-compute@developer.gserviceaccount.com","automaticUpdatePolicy":{}},"serviceConfig":{"service":"projects/conexaocasal-18136/locations/us-central1/services/dailyreminder","timeoutSeconds":60,"environmentVariables":{"FIREBASE_CONFIG":"{\"projectId\":\"conexaocasal-18136\",\"storageBucket\":\"conexaocasal-18136.firebasestorage.app\"}","GCLOUD_PROJECT":"conexaocasal-18136","EVENTARC_CLOUD_EVENT_SOURCE":"projects/conexaocasal-18136/locations/us-central1/services/dailyReminder","FUNCTION_REGION":"us-central1","FUNCTION_TARGET":"dailyReminder","LOG_EXECUTION_ID":"true"},"ingressSettings":"ALLOW_ALL","uri":"https://dailyreminder-defag5oeva-uc.a.run.app","serviceAccountEmail":"897168498579-compute@developer.gserviceaccount.com","availableMemory":"256Mi","allTrafficOnLatestRevision":true,"revision":"dailyreminder-00002-cim","maxInstanceRequestConcurrency":80,"availableCpu":"1"},"state":"ACTIVE","labels":{"deployment-tool":"cli-firebase","deployment-scheduled":"true","firebase-functions-hash":"04ecf204b3cda3275e7f7b6ae26372c6bbf96685"},"environment":"GEN_2","url":"https://us-central1-conexaocasal-18136.cloudfunctions.net/dailyReminder","satisfiesPzi":true},"stages":[{"name":"BUILD","message":"Build in progress","state":"IN_PROGRESS","resource":"projects/897168498579/locations/us-central1/builds/6f27d92e-1685-42dc-b387-0e7ce6b19c6a","resourceUri":"https://console.cloud.google.com/cloud-build/builds;region=us-central1/6f27d92e-1685-42dc-b387-0e7ce6b19c6a?project=897168498579"},{"name":"SERVICE","state":"NOT_STARTED"}],"operationType":"UPDATE_FUNCTION","buildName":"projects/897168498579/locations/us-central1/builds/6f27d92e-1685-42dc-b387-0e7ce6b19c6a"},"done":false}
[debug] [2026-09-01T18:47:15.166Z] [update-default-us-central1-dailyReminder] Retrying task index 0
[debug] [2026-09-01T18:47:15.166Z] Checked if tokens are valid: true, expires at: 1788290037941
[debug] [2026-09-01T18:47:15.166Z] Checked if tokens are valid: true, expires at: 1788290037941
[debug] [2026-09-01T18:47:15.166Z] >>> [apiv2][query] GET https://cloudfunctions.googleapis.com/v2/projects/conexaocasal-18136/locations/us-central1/operations/operation-1788288427744-65a70587ddb60-50a577ac-e534fef6 [none]
[debug] [2026-09-01T18:47:15.693Z] <<< [apiv2][status] GET https://cloudfunctions.googleapis.com/v2/projects/conexaocasal-18136/locations/us-central1/operations/operation-1788288427744-65a70587ddb60-50a577ac-e534fef6 200
[debug] [2026-09-01T18:47:15.694Z] <<< [apiv2][body] GET https://cloudfunctions.googleapis.com/v2/projects/conexaocasal-18136/locations/us-central1/operations/operation-1788288427744-65a70587ddb60-50a577ac-e534fef6 {"name":"projects/conexaocasal-18136/locations/us-central1/operations/operation-1788288427744-65a70587ddb60-50a577ac-e534fef6","metadata":{"@type":"type.googleapis.com/google.cloud.functions.v2.OperationMetadata","createTime":"2026-09-01T18:47:09.705774043Z","target":"projects/conexaocasal-18136/locations/us-central1/functions/dailyReminder","verb":"update","cancelRequested":false,"apiVersion":"v2","requestResource":{"@type":"type.googleapis.com/google.cloud.functions.v2.Function","name":"projects/conexaocasal-18136/locations/us-central1/functions/dailyReminder","buildConfig":{"runtime":"nodejs22","entryPoint":"dailyReminder","source":{"storageSource":{"bucket":"gcf-v2-sources-897168498579-us-central1","object":"dailyReminder/function-source.zip","generation":"1788288429602812"}},"environmentVariables":{"GOOGLE_NODE_RUN_SCRIPTS":""},"dockerRepository":"projects/conexaocasal-18136/locations/us-central1/repositories/gcf-artifacts","sourceProvenance":{"resolvedStorageSource":{"bucket":"gcf-v2-sources-897168498579-us-central1","object":"dailyReminder/function-source.zip","generation":"1788286982199973"}},"dockerRegistry":"ARTIFACT_REGISTRY","serviceAccount":"projects/conexaocasal-18136/serviceAccounts/897168498579-compute@developer.gserviceaccount.com","automaticUpdatePolicy":{}},"serviceConfig":{"service":"projects/conexaocasal-18136/locations/us-central1/services/dailyreminder","timeoutSeconds":60,"environmentVariables":{"FIREBASE_CONFIG":"{\"projectId\":\"conexaocasal-18136\",\"storageBucket\":\"conexaocasal-18136.firebasestorage.app\"}","GCLOUD_PROJECT":"conexaocasal-18136","EVENTARC_CLOUD_EVENT_SOURCE":"projects/conexaocasal-18136/locations/us-central1/services/dailyReminder","FUNCTION_REGION":"us-central1","FUNCTION_TARGET":"dailyReminder","LOG_EXECUTION_ID":"true"},"ingressSettings":"ALLOW_ALL","uri":"https://dailyreminder-defag5oeva-uc.a.run.app","serviceAccountEmail":"897168498579-compute@developer.gserviceaccount.com","availableMemory":"256Mi","allTrafficOnLatestRevision":true,"revision":"dailyreminder-00002-cim","maxInstanceRequestConcurrency":80,"availableCpu":"1"},"state":"ACTIVE","labels":{"deployment-tool":"cli-firebase","deployment-scheduled":"true","firebase-functions-hash":"04ecf204b3cda3275e7f7b6ae26372c6bbf96685"},"environment":"GEN_2","url":"https://us-central1-conexaocasal-18136.cloudfunctions.net/dailyReminder","satisfiesPzi":true},"stages":[{"name":"BUILD","message":"Build in progress","state":"IN_PROGRESS","resource":"projects/897168498579/locations/us-central1/builds/6f27d92e-1685-42dc-b387-0e7ce6b19c6a","resourceUri":"https://console.cloud.google.com/cloud-build/builds;region=us-central1/6f27d92e-1685-42dc-b387-0e7ce6b19c6a?project=897168498579"},{"name":"SERVICE","state":"NOT_STARTED"}],"operationType":"UPDATE_FUNCTION","buildName":"projects/897168498579/locations/us-central1/builds/6f27d92e-1685-42dc-b387-0e7ce6b19c6a"},"done":false}
[debug] [2026-09-01T18:47:16.103Z] [create-default-southamerica-east1-notifyPartnerSelectedSuggestion] Retrying task index 0
[debug] [2026-09-01T18:47:16.104Z] Checked if tokens are valid: true, expires at: 1788290037941
[debug] [2026-09-01T18:47:16.104Z] Checked if tokens are valid: true, expires at: 1788290037941
[debug] [2026-09-01T18:47:16.104Z] >>> [apiv2][query] GET https://cloudfunctions.googleapis.com/v2/projects/conexaocasal-18136/locations/southamerica-east1/operations/operation-1788288426793-65a70586f5afb-730ec9b2-95db5f82 [none]
[debug] [2026-09-01T18:47:16.649Z] <<< [apiv2][status] GET https://cloudfunctions.googleapis.com/v2/projects/conexaocasal-18136/locations/southamerica-east1/operations/operation-1788288426793-65a70586f5afb-730ec9b2-95db5f82 200
[debug] [2026-09-01T18:47:16.650Z] <<< [apiv2][body] GET https://cloudfunctions.googleapis.com/v2/projects/conexaocasal-18136/locations/southamerica-east1/operations/operation-1788288426793-65a70586f5afb-730ec9b2-95db5f82 {"name":"projects/conexaocasal-18136/locations/southamerica-east1/operations/operation-1788288426793-65a70586f5afb-730ec9b2-95db5f82","metadata":{"@type":"type.googleapis.com/google.cloud.functions.v2.OperationMetadata","createTime":"2026-09-01T18:47:07.572930697Z","target":"projects/conexaocasal-18136/locations/southamerica-east1/functions/notifyPartnerSelectedSuggestion","verb":"create","cancelRequested":false,"apiVersion":"v2","requestResource":{"@type":"type.googleapis.com/google.cloud.functions.v2.Function","name":"projects/conexaocasal-18136/locations/southamerica-east1/functions/notifyPartnerSelectedSuggestion","buildConfig":{"runtime":"nodejs22","entryPoint":"notifyPartnerSelectedSuggestion","source":{"storageSource":{"bucket":"gcf-v2-sources-897168498579-southamerica-east1","object":"notifyPartnerSelectedSuggestion/function-source.zip","generation":"1788288426998712"}},"environmentVariables":{"GOOGLE_NODE_RUN_SCRIPTS":""},"serviceAccount":"projects/conexaocasal-18136/serviceAccounts/897168498579-compute@developer.gserviceaccount.com","automaticUpdatePolicy":{}},"serviceConfig":{"service":"projects/conexaocasal-18136/locations/southamerica-east1/services/notifypartnerselectedsuggestion","timeoutSeconds":60,"environmentVariables":{"FIREBASE_CONFIG":"{\"projectId\":\"conexaocasal-18136\",\"storageBucket\":\"conexaocasal-18136.firebasestorage.app\"}","GCLOUD_PROJECT":"conexaocasal-18136","EVENTARC_CLOUD_EVENT_SOURCE":"projects/conexaocasal-18136/locations/southamerica-east1/services/notifyPartnerSelectedSuggestion","FUNCTION_REGION":"southamerica-east1","FUNCTION_SIGNATURE_TYPE":"cloudevent","FUNCTION_TARGET":"notifyPartnerSelectedSuggestion","LOG_EXECUTION_ID":"true"},"ingressSettings":"ALLOW_ALL","serviceAccountEmail":"897168498579-compute@developer.gserviceaccount.com","availableMemory":"256Mi","maxInstanceRequestConcurrency":80,"availableCpu":"1"},"eventTrigger":{"trigger":"projects/conexaocasal-18136/locations/southamerica-east1/triggers/notifypartnerselectedsuggestion-849366","triggerRegion":"southamerica-east1","eventType":"google.cloud.firestore.document.v1.updated","eventFilters":[{"attribute":"database","value":"(default)"},{"attribute":"namespace","value":"(default)"},{"attribute":"document","value":"duomatches/{coupleId}/{suggestionsKind}/{date}","operator":"match-path-pattern"}],"serviceAccountEmail":"897168498579-compute@developer.gserviceaccount.com","retryPolicy":"RETRY_POLICY_DO_NOT_RETRY"},"labels":{"deployment-tool":"cli-firebase","firebase-functions-hash":"04ecf204b3cda3275e7f7b6ae26372c6bbf96685"},"environment":"GEN_2"},"stages":[{"name":"BUILD","message":"Build in progress","state":"IN_PROGRESS","resource":"projects/897168498579/locations/southamerica-east1/builds/1480892b-05b8-4768-8f38-ce35ffef87a5","resourceUri":"https://console.cloud.google.com/cloud-build/builds;region=southamerica-east1/1480892b-05b8-4768-8f38-ce35ffef87a5?project=897168498579"},{"name":"SERVICE","state":"NOT_STARTED"},{"name":"TRIGGER","state":"NOT_STARTED"}],"operationType":"CREATE_FUNCTION","buildName":"projects/897168498579/locations/southamerica-east1/builds/1480892b-05b8-4768-8f38-ce35ffef87a5"},"done":false}
[debug] [2026-09-01T18:47:19.703Z] [update-default-us-central1-dailyReminder] Retrying task index 0
[debug] [2026-09-01T18:47:19.704Z] Checked if tokens are valid: true, expires at: 1788290037941
[debug] [2026-09-01T18:47:19.704Z] Checked if tokens are valid: true, expires at: 1788290037941
[debug] [2026-09-01T18:47:19.704Z] >>> [apiv2][query] GET https://cloudfunctions.googleapis.com/v2/projects/conexaocasal-18136/locations/us-central1/operations/operation-1788288427744-65a70587ddb60-50a577ac-e534fef6 [none]
[debug] [2026-09-01T18:47:20.720Z] <<< [apiv2][status] GET https://cloudfunctions.googleapis.com/v2/projects/conexaocasal-18136/locations/us-central1/operations/operation-1788288427744-65a70587ddb60-50a577ac-e534fef6 200
[debug] [2026-09-01T18:47:20.720Z] <<< [apiv2][body] GET https://cloudfunctions.googleapis.com/v2/projects/conexaocasal-18136/locations/us-central1/operations/operation-1788288427744-65a70587ddb60-50a577ac-e534fef6 {"name":"projects/conexaocasal-18136/locations/us-central1/operations/operation-1788288427744-65a70587ddb60-50a577ac-e534fef6","metadata":{"@type":"type.googleapis.com/google.cloud.functions.v2.OperationMetadata","createTime":"2026-09-01T18:47:09.705774043Z","target":"projects/conexaocasal-18136/locations/us-central1/functions/dailyReminder","verb":"update","cancelRequested":false,"apiVersion":"v2","requestResource":{"@type":"type.googleapis.com/google.cloud.functions.v2.Function","name":"projects/conexaocasal-18136/locations/us-central1/functions/dailyReminder","buildConfig":{"runtime":"nodejs22","entryPoint":"dailyReminder","source":{"storageSource":{"bucket":"gcf-v2-sources-897168498579-us-central1","object":"dailyReminder/function-source.zip","generation":"1788288429602812"}},"environmentVariables":{"GOOGLE_NODE_RUN_SCRIPTS":""},"dockerRepository":"projects/conexaocasal-18136/locations/us-central1/repositories/gcf-artifacts","sourceProvenance":{"resolvedStorageSource":{"bucket":"gcf-v2-sources-897168498579-us-central1","object":"dailyReminder/function-source.zip","generation":"1788286982199973"}},"dockerRegistry":"ARTIFACT_REGISTRY","serviceAccount":"projects/conexaocasal-18136/serviceAccounts/897168498579-compute@developer.gserviceaccount.com","automaticUpdatePolicy":{}},"serviceConfig":{"service":"projects/conexaocasal-18136/locations/us-central1/services/dailyreminder","timeoutSeconds":60,"environmentVariables":{"FIREBASE_CONFIG":"{\"projectId\":\"conexaocasal-18136\",\"storageBucket\":\"conexaocasal-18136.firebasestorage.app\"}","GCLOUD_PROJECT":"conexaocasal-18136","EVENTARC_CLOUD_EVENT_SOURCE":"projects/conexaocasal-18136/locations/us-central1/services/dailyReminder","FUNCTION_REGION":"us-central1","FUNCTION_TARGET":"dailyReminder","LOG_EXECUTION_ID":"true"},"ingressSettings":"ALLOW_ALL","uri":"https://dailyreminder-defag5oeva-uc.a.run.app","serviceAccountEmail":"897168498579-compute@developer.gserviceaccount.com","availableMemory":"256Mi","allTrafficOnLatestRevision":true,"revision":"dailyreminder-00002-cim","maxInstanceRequestConcurrency":80,"availableCpu":"1"},"state":"ACTIVE","labels":{"deployment-tool":"cli-firebase","deployment-scheduled":"true","firebase-functions-hash":"04ecf204b3cda3275e7f7b6ae26372c6bbf96685"},"environment":"GEN_2","url":"https://us-central1-conexaocasal-18136.cloudfunctions.net/dailyReminder","satisfiesPzi":true},"stages":[{"name":"BUILD","message":"Build in progress","state":"IN_PROGRESS","resource":"projects/897168498579/locations/us-central1/builds/6f27d92e-1685-42dc-b387-0e7ce6b19c6a","resourceUri":"https://console.cloud.google.com/cloud-build/builds;region=us-central1/6f27d92e-1685-42dc-b387-0e7ce6b19c6a?project=897168498579"},{"name":"SERVICE","state":"NOT_STARTED"}],"operationType":"UPDATE_FUNCTION","buildName":"projects/897168498579/locations/us-central1/builds/6f27d92e-1685-42dc-b387-0e7ce6b19c6a"},"done":false}
[debug] [2026-09-01T18:47:24.666Z] [create-default-southamerica-east1-notifyPartnerSelectedSuggestion] Retrying task index 0
[debug] [2026-09-01T18:47:24.667Z] Checked if tokens are valid: true, expires at: 1788290037941
[debug] [2026-09-01T18:47:24.668Z] Checked if tokens are valid: true, expires at: 1788290037941
[debug] [2026-09-01T18:47:24.669Z] >>> [apiv2][query] GET https://cloudfunctions.googleapis.com/v2/projects/conexaocasal-18136/locations/southamerica-east1/operations/operation-1788288426793-65a70586f5afb-730ec9b2-95db5f82 [none]
[debug] [2026-09-01T18:47:24.958Z] <<< [apiv2][status] GET https://cloudfunctions.googleapis.com/v2/projects/conexaocasal-18136/locations/southamerica-east1/operations/operation-1788288426793-65a70586f5afb-730ec9b2-95db5f82 200
[debug] [2026-09-01T18:47:24.958Z] <<< [apiv2][body] GET https://cloudfunctions.googleapis.com/v2/projects/conexaocasal-18136/locations/southamerica-east1/operations/operation-1788288426793-65a70586f5afb-730ec9b2-95db5f82 {"name":"projects/conexaocasal-18136/locations/southamerica-east1/operations/operation-1788288426793-65a70586f5afb-730ec9b2-95db5f82","metadata":{"@type":"type.googleapis.com/google.cloud.functions.v2.OperationMetadata","createTime":"2026-09-01T18:47:07.572930697Z","target":"projects/conexaocasal-18136/locations/southamerica-east1/functions/notifyPartnerSelectedSuggestion","verb":"create","cancelRequested":false,"apiVersion":"v2","requestResource":{"@type":"type.googleapis.com/google.cloud.functions.v2.Function","name":"projects/conexaocasal-18136/locations/southamerica-east1/functions/notifyPartnerSelectedSuggestion","buildConfig":{"runtime":"nodejs22","entryPoint":"notifyPartnerSelectedSuggestion","source":{"storageSource":{"bucket":"gcf-v2-sources-897168498579-southamerica-east1","object":"notifyPartnerSelectedSuggestion/function-source.zip","generation":"1788288426998712"}},"environmentVariables":{"GOOGLE_NODE_RUN_SCRIPTS":""},"serviceAccount":"projects/conexaocasal-18136/serviceAccounts/897168498579-compute@developer.gserviceaccount.com","automaticUpdatePolicy":{}},"serviceConfig":{"service":"projects/conexaocasal-18136/locations/southamerica-east1/services/notifypartnerselectedsuggestion","timeoutSeconds":60,"environmentVariables":{"FIREBASE_CONFIG":"{\"projectId\":\"conexaocasal-18136\",\"storageBucket\":\"conexaocasal-18136.firebasestorage.app\"}","GCLOUD_PROJECT":"conexaocasal-18136","EVENTARC_CLOUD_EVENT_SOURCE":"projects/conexaocasal-18136/locations/southamerica-east1/services/notifyPartnerSelectedSuggestion","FUNCTION_REGION":"southamerica-east1","FUNCTION_SIGNATURE_TYPE":"cloudevent","FUNCTION_TARGET":"notifyPartnerSelectedSuggestion","LOG_EXECUTION_ID":"true"},"ingressSettings":"ALLOW_ALL","serviceAccountEmail":"897168498579-compute@developer.gserviceaccount.com","availableMemory":"256Mi","maxInstanceRequestConcurrency":80,"availableCpu":"1"},"eventTrigger":{"trigger":"projects/conexaocasal-18136/locations/southamerica-east1/triggers/notifypartnerselectedsuggestion-849366","triggerRegion":"southamerica-east1","eventType":"google.cloud.firestore.document.v1.updated","eventFilters":[{"attribute":"database","value":"(default)"},{"attribute":"namespace","value":"(default)"},{"attribute":"document","value":"duomatches/{coupleId}/{suggestionsKind}/{date}","operator":"match-path-pattern"}],"serviceAccountEmail":"897168498579-compute@developer.gserviceaccount.com","retryPolicy":"RETRY_POLICY_DO_NOT_RETRY"},"labels":{"deployment-tool":"cli-firebase","firebase-functions-hash":"04ecf204b3cda3275e7f7b6ae26372c6bbf96685"},"environment":"GEN_2"},"stages":[{"name":"BUILD","message":"Build in progress","state":"IN_PROGRESS","resource":"projects/897168498579/locations/southamerica-east1/builds/1480892b-05b8-4768-8f38-ce35ffef87a5","resourceUri":"https://console.cloud.google.com/cloud-build/builds;region=southamerica-east1/1480892b-05b8-4768-8f38-ce35ffef87a5?project=897168498579"},{"name":"SERVICE","state":"NOT_STARTED"},{"name":"TRIGGER","state":"NOT_STARTED"}],"operationType":"CREATE_FUNCTION","buildName":"projects/897168498579/locations/southamerica-east1/builds/1480892b-05b8-4768-8f38-ce35ffef87a5"},"done":false}
[debug] [2026-09-01T18:47:28.734Z] [update-default-us-central1-dailyReminder] Retrying task index 0
[debug] [2026-09-01T18:47:28.735Z] Checked if tokens are valid: true, expires at: 1788290037941
[debug] [2026-09-01T18:47:28.735Z] Checked if tokens are valid: true, expires at: 1788290037941
[debug] [2026-09-01T18:47:28.735Z] >>> [apiv2][query] GET https://cloudfunctions.googleapis.com/v2/projects/conexaocasal-18136/locations/us-central1/operations/operation-1788288427744-65a70587ddb60-50a577ac-e534fef6 [none]
[debug] [2026-09-01T18:47:29.752Z] <<< [apiv2][status] GET https://cloudfunctions.googleapis.com/v2/projects/conexaocasal-18136/locations/us-central1/operations/operation-1788288427744-65a70587ddb60-50a577ac-e534fef6 200
[debug] [2026-09-01T18:47:29.752Z] <<< [apiv2][body] GET https://cloudfunctions.googleapis.com/v2/projects/conexaocasal-18136/locations/us-central1/operations/operation-1788288427744-65a70587ddb60-50a577ac-e534fef6 {"name":"projects/conexaocasal-18136/locations/us-central1/operations/operation-1788288427744-65a70587ddb60-50a577ac-e534fef6","metadata":{"@type":"type.googleapis.com/google.cloud.functions.v2.OperationMetadata","createTime":"2026-09-01T18:47:09.705774043Z","target":"projects/conexaocasal-18136/locations/us-central1/functions/dailyReminder","verb":"update","cancelRequested":false,"apiVersion":"v2","requestResource":{"@type":"type.googleapis.com/google.cloud.functions.v2.Function","name":"projects/conexaocasal-18136/locations/us-central1/functions/dailyReminder","buildConfig":{"runtime":"nodejs22","entryPoint":"dailyReminder","source":{"storageSource":{"bucket":"gcf-v2-sources-897168498579-us-central1","object":"dailyReminder/function-source.zip","generation":"1788288429602812"}},"environmentVariables":{"GOOGLE_NODE_RUN_SCRIPTS":""},"dockerRepository":"projects/conexaocasal-18136/locations/us-central1/repositories/gcf-artifacts","sourceProvenance":{"resolvedStorageSource":{"bucket":"gcf-v2-sources-897168498579-us-central1","object":"dailyReminder/function-source.zip","generation":"1788286982199973"}},"dockerRegistry":"ARTIFACT_REGISTRY","serviceAccount":"projects/conexaocasal-18136/serviceAccounts/897168498579-compute@developer.gserviceaccount.com","automaticUpdatePolicy":{}},"serviceConfig":{"service":"projects/conexaocasal-18136/locations/us-central1/services/dailyreminder","timeoutSeconds":60,"environmentVariables":{"FIREBASE_CONFIG":"{\"projectId\":\"conexaocasal-18136\",\"storageBucket\":\"conexaocasal-18136.firebasestorage.app\"}","GCLOUD_PROJECT":"conexaocasal-18136","EVENTARC_CLOUD_EVENT_SOURCE":"projects/conexaocasal-18136/locations/us-central1/services/dailyReminder","FUNCTION_REGION":"us-central1","FUNCTION_TARGET":"dailyReminder","LOG_EXECUTION_ID":"true"},"ingressSettings":"ALLOW_ALL","uri":"https://dailyreminder-defag5oeva-uc.a.run.app","serviceAccountEmail":"897168498579-compute@developer.gserviceaccount.com","availableMemory":"256Mi","allTrafficOnLatestRevision":true,"revision":"dailyreminder-00002-cim","maxInstanceRequestConcurrency":80,"availableCpu":"1"},"state":"ACTIVE","labels":{"deployment-tool":"cli-firebase","deployment-scheduled":"true","firebase-functions-hash":"04ecf204b3cda3275e7f7b6ae26372c6bbf96685"},"environment":"GEN_2","url":"https://us-central1-conexaocasal-18136.cloudfunctions.net/dailyReminder","satisfiesPzi":true},"stages":[{"name":"BUILD","message":"Build in progress","state":"IN_PROGRESS","resource":"projects/897168498579/locations/us-central1/builds/6f27d92e-1685-42dc-b387-0e7ce6b19c6a","resourceUri":"https://console.cloud.google.com/cloud-build/builds;region=us-central1/6f27d92e-1685-42dc-b387-0e7ce6b19c6a?project=897168498579"},{"name":"SERVICE","state":"NOT_STARTED"}],"operationType":"UPDATE_FUNCTION","buildName":"projects/897168498579/locations/us-central1/builds/6f27d92e-1685-42dc-b387-0e7ce6b19c6a"},"done":false}
[debug] [2026-09-01T18:47:34.969Z] [create-default-southamerica-east1-notifyPartnerSelectedSuggestion] Retrying task index 0
[debug] [2026-09-01T18:47:34.970Z] Checked if tokens are valid: true, expires at: 1788290037941
[debug] [2026-09-01T18:47:34.970Z] Checked if tokens are valid: true, expires at: 1788290037941
[debug] [2026-09-01T18:47:34.970Z] >>> [apiv2][query] GET https://cloudfunctions.googleapis.com/v2/projects/conexaocasal-18136/locations/southamerica-east1/operations/operation-1788288426793-65a70586f5afb-730ec9b2-95db5f82 [none]
[debug] [2026-09-01T18:47:35.441Z] <<< [apiv2][status] GET https://cloudfunctions.googleapis.com/v2/projects/conexaocasal-18136/locations/southamerica-east1/operations/operation-1788288426793-65a70586f5afb-730ec9b2-95db5f82 200
[debug] [2026-09-01T18:47:35.442Z] <<< [apiv2][body] GET https://cloudfunctions.googleapis.com/v2/projects/conexaocasal-18136/locations/southamerica-east1/operations/operation-1788288426793-65a70586f5afb-730ec9b2-95db5f82 {"name":"projects/conexaocasal-18136/locations/southamerica-east1/operations/operation-1788288426793-65a70586f5afb-730ec9b2-95db5f82","metadata":{"@type":"type.googleapis.com/google.cloud.functions.v2.OperationMetadata","createTime":"2026-09-01T18:47:07.572930697Z","target":"projects/conexaocasal-18136/locations/southamerica-east1/functions/notifyPartnerSelectedSuggestion","verb":"create","cancelRequested":false,"apiVersion":"v2","requestResource":{"@type":"type.googleapis.com/google.cloud.functions.v2.Function","name":"projects/conexaocasal-18136/locations/southamerica-east1/functions/notifyPartnerSelectedSuggestion","buildConfig":{"runtime":"nodejs22","entryPoint":"notifyPartnerSelectedSuggestion","source":{"storageSource":{"bucket":"gcf-v2-sources-897168498579-southamerica-east1","object":"notifyPartnerSelectedSuggestion/function-source.zip","generation":"1788288426998712"}},"environmentVariables":{"GOOGLE_NODE_RUN_SCRIPTS":""},"serviceAccount":"projects/conexaocasal-18136/serviceAccounts/897168498579-compute@developer.gserviceaccount.com","automaticUpdatePolicy":{}},"serviceConfig":{"service":"projects/conexaocasal-18136/locations/southamerica-east1/services/notifypartnerselectedsuggestion","timeoutSeconds":60,"environmentVariables":{"FIREBASE_CONFIG":"{\"projectId\":\"conexaocasal-18136\",\"storageBucket\":\"conexaocasal-18136.firebasestorage.app\"}","GCLOUD_PROJECT":"conexaocasal-18136","EVENTARC_CLOUD_EVENT_SOURCE":"projects/conexaocasal-18136/locations/southamerica-east1/services/notifyPartnerSelectedSuggestion","FUNCTION_REGION":"southamerica-east1","FUNCTION_SIGNATURE_TYPE":"cloudevent","FUNCTION_TARGET":"notifyPartnerSelectedSuggestion","LOG_EXECUTION_ID":"true"},"ingressSettings":"ALLOW_ALL","serviceAccountEmail":"897168498579-compute@developer.gserviceaccount.com","availableMemory":"256Mi","maxInstanceRequestConcurrency":80,"availableCpu":"1"},"eventTrigger":{"trigger":"projects/conexaocasal-18136/locations/southamerica-east1/triggers/notifypartnerselectedsuggestion-849366","triggerRegion":"southamerica-east1","eventType":"google.cloud.firestore.document.v1.updated","eventFilters":[{"attribute":"database","value":"(default)"},{"attribute":"namespace","value":"(default)"},{"attribute":"document","value":"duomatches/{coupleId}/{suggestionsKind}/{date}","operator":"match-path-pattern"}],"serviceAccountEmail":"897168498579-compute@developer.gserviceaccount.com","retryPolicy":"RETRY_POLICY_DO_NOT_RETRY"},"labels":{"deployment-tool":"cli-firebase","firebase-functions-hash":"04ecf204b3cda3275e7f7b6ae26372c6bbf96685"},"environment":"GEN_2"},"stages":[{"name":"BUILD","message":"Build in progress","state":"IN_PROGRESS","resource":"projects/897168498579/locations/southamerica-east1/builds/1480892b-05b8-4768-8f38-ce35ffef87a5","resourceUri":"https://console.cloud.google.com/cloud-build/builds;region=southamerica-east1/1480892b-05b8-4768-8f38-ce35ffef87a5?project=897168498579"},{"name":"SERVICE","state":"NOT_STARTED"},{"name":"TRIGGER","state":"NOT_STARTED"}],"operationType":"CREATE_FUNCTION","buildName":"projects/897168498579/locations/southamerica-east1/builds/1480892b-05b8-4768-8f38-ce35ffef87a5"},"done":false}
[debug] [2026-09-01T18:47:39.766Z] [update-default-us-central1-dailyReminder] Retrying task index 0
[debug] [2026-09-01T18:47:39.767Z] Checked if tokens are valid: true, expires at: 1788290037941
[debug] [2026-09-01T18:47:39.768Z] Checked if tokens are valid: true, expires at: 1788290037941
[debug] [2026-09-01T18:47:39.769Z] >>> [apiv2][query] GET https://cloudfunctions.googleapis.com/v2/projects/conexaocasal-18136/locations/us-central1/operations/operation-1788288427744-65a70587ddb60-50a577ac-e534fef6 [none]
[debug] [2026-09-01T18:47:41.040Z] <<< [apiv2][status] GET https://cloudfunctions.googleapis.com/v2/projects/conexaocasal-18136/locations/us-central1/operations/operation-1788288427744-65a70587ddb60-50a577ac-e534fef6 200
[debug] [2026-09-01T18:47:41.041Z] <<< [apiv2][body] GET https://cloudfunctions.googleapis.com/v2/projects/conexaocasal-18136/locations/us-central1/operations/operation-1788288427744-65a70587ddb60-50a577ac-e534fef6 {"name":"projects/conexaocasal-18136/locations/us-central1/operations/operation-1788288427744-65a70587ddb60-50a577ac-e534fef6","metadata":{"@type":"type.googleapis.com/google.cloud.functions.v2.OperationMetadata","createTime":"2026-09-01T18:47:09.705774043Z","target":"projects/conexaocasal-18136/locations/us-central1/functions/dailyReminder","verb":"update","cancelRequested":false,"apiVersion":"v2","requestResource":{"@type":"type.googleapis.com/google.cloud.functions.v2.Function","name":"projects/conexaocasal-18136/locations/us-central1/functions/dailyReminder","buildConfig":{"runtime":"nodejs22","entryPoint":"dailyReminder","source":{"storageSource":{"bucket":"gcf-v2-sources-897168498579-us-central1","object":"dailyReminder/function-source.zip","generation":"1788288429602812"}},"environmentVariables":{"GOOGLE_NODE_RUN_SCRIPTS":""},"dockerRepository":"projects/conexaocasal-18136/locations/us-central1/repositories/gcf-artifacts","sourceProvenance":{"resolvedStorageSource":{"bucket":"gcf-v2-sources-897168498579-us-central1","object":"dailyReminder/function-source.zip","generation":"1788286982199973"}},"dockerRegistry":"ARTIFACT_REGISTRY","serviceAccount":"projects/conexaocasal-18136/serviceAccounts/897168498579-compute@developer.gserviceaccount.com","automaticUpdatePolicy":{}},"serviceConfig":{"service":"projects/conexaocasal-18136/locations/us-central1/services/dailyreminder","timeoutSeconds":60,"environmentVariables":{"FIREBASE_CONFIG":"{\"projectId\":\"conexaocasal-18136\",\"storageBucket\":\"conexaocasal-18136.firebasestorage.app\"}","GCLOUD_PROJECT":"conexaocasal-18136","EVENTARC_CLOUD_EVENT_SOURCE":"projects/conexaocasal-18136/locations/us-central1/services/dailyReminder","FUNCTION_REGION":"us-central1","FUNCTION_TARGET":"dailyReminder","LOG_EXECUTION_ID":"true"},"ingressSettings":"ALLOW_ALL","uri":"https://dailyreminder-defag5oeva-uc.a.run.app","serviceAccountEmail":"897168498579-compute@developer.gserviceaccount.com","availableMemory":"256Mi","allTrafficOnLatestRevision":true,"revision":"dailyreminder-00002-cim","maxInstanceRequestConcurrency":80,"availableCpu":"1"},"state":"ACTIVE","labels":{"deployment-tool":"cli-firebase","deployment-scheduled":"true","firebase-functions-hash":"04ecf204b3cda3275e7f7b6ae26372c6bbf96685"},"environment":"GEN_2","url":"https://us-central1-conexaocasal-18136.cloudfunctions.net/dailyReminder","satisfiesPzi":true},"stages":[{"name":"BUILD","message":"Build in progress","state":"IN_PROGRESS","resource":"projects/897168498579/locations/us-central1/builds/6f27d92e-1685-42dc-b387-0e7ce6b19c6a","resourceUri":"https://console.cloud.google.com/cloud-build/builds;region=us-central1/6f27d92e-1685-42dc-b387-0e7ce6b19c6a?project=897168498579"},{"name":"SERVICE","state":"NOT_STARTED"}],"operationType":"UPDATE_FUNCTION","buildName":"projects/897168498579/locations/us-central1/builds/6f27d92e-1685-42dc-b387-0e7ce6b19c6a"},"done":false}
[debug] [2026-09-01T18:47:45.443Z] [create-default-southamerica-east1-notifyPartnerSelectedSuggestion] Retrying task index 0
[debug] [2026-09-01T18:47:45.444Z] Checked if tokens are valid: true, expires at: 1788290037941
[debug] [2026-09-01T18:47:45.444Z] Checked if tokens are valid: true, expires at: 1788290037941
[debug] [2026-09-01T18:47:45.444Z] >>> [apiv2][query] GET https://cloudfunctions.googleapis.com/v2/projects/conexaocasal-18136/locations/southamerica-east1/operations/operation-1788288426793-65a70586f5afb-730ec9b2-95db5f82 [none]
[debug] [2026-09-01T18:47:46.159Z] <<< [apiv2][status] GET https://cloudfunctions.googleapis.com/v2/projects/conexaocasal-18136/locations/southamerica-east1/operations/operation-1788288426793-65a70586f5afb-730ec9b2-95db5f82 200
[debug] [2026-09-01T18:47:46.159Z] <<< [apiv2][body] GET https://cloudfunctions.googleapis.com/v2/projects/conexaocasal-18136/locations/southamerica-east1/operations/operation-1788288426793-65a70586f5afb-730ec9b2-95db5f82 {"name":"projects/conexaocasal-18136/locations/southamerica-east1/operations/operation-1788288426793-65a70586f5afb-730ec9b2-95db5f82","metadata":{"@type":"type.googleapis.com/google.cloud.functions.v2.OperationMetadata","createTime":"2026-09-01T18:47:07.572930697Z","target":"projects/conexaocasal-18136/locations/southamerica-east1/functions/notifyPartnerSelectedSuggestion","verb":"create","cancelRequested":false,"apiVersion":"v2","requestResource":{"@type":"type.googleapis.com/google.cloud.functions.v2.Function","name":"projects/conexaocasal-18136/locations/southamerica-east1/functions/notifyPartnerSelectedSuggestion","buildConfig":{"runtime":"nodejs22","entryPoint":"notifyPartnerSelectedSuggestion","source":{"storageSource":{"bucket":"gcf-v2-sources-897168498579-southamerica-east1","object":"notifyPartnerSelectedSuggestion/function-source.zip","generation":"1788288426998712"}},"environmentVariables":{"GOOGLE_NODE_RUN_SCRIPTS":""},"serviceAccount":"projects/conexaocasal-18136/serviceAccounts/897168498579-compute@developer.gserviceaccount.com","automaticUpdatePolicy":{}},"serviceConfig":{"service":"projects/conexaocasal-18136/locations/southamerica-east1/services/notifypartnerselectedsuggestion","timeoutSeconds":60,"environmentVariables":{"FIREBASE_CONFIG":"{\"projectId\":\"conexaocasal-18136\",\"storageBucket\":\"conexaocasal-18136.firebasestorage.app\"}","GCLOUD_PROJECT":"conexaocasal-18136","EVENTARC_CLOUD_EVENT_SOURCE":"projects/conexaocasal-18136/locations/southamerica-east1/services/notifyPartnerSelectedSuggestion","FUNCTION_REGION":"southamerica-east1","FUNCTION_SIGNATURE_TYPE":"cloudevent","FUNCTION_TARGET":"notifyPartnerSelectedSuggestion","LOG_EXECUTION_ID":"true"},"ingressSettings":"ALLOW_ALL","serviceAccountEmail":"897168498579-compute@developer.gserviceaccount.com","availableMemory":"256Mi","maxInstanceRequestConcurrency":80,"availableCpu":"1"},"eventTrigger":{"trigger":"projects/conexaocasal-18136/locations/southamerica-east1/triggers/notifypartnerselectedsuggestion-849366","triggerRegion":"southamerica-east1","eventType":"google.cloud.firestore.document.v1.updated","eventFilters":[{"attribute":"database","value":"(default)"},{"attribute":"namespace","value":"(default)"},{"attribute":"document","value":"duomatches/{coupleId}/{suggestionsKind}/{date}","operator":"match-path-pattern"}],"serviceAccountEmail":"897168498579-compute@developer.gserviceaccount.com","retryPolicy":"RETRY_POLICY_DO_NOT_RETRY"},"labels":{"deployment-tool":"cli-firebase","firebase-functions-hash":"04ecf204b3cda3275e7f7b6ae26372c6bbf96685"},"environment":"GEN_2"},"stages":[{"name":"BUILD","message":"Build in progress","state":"IN_PROGRESS","resource":"projects/897168498579/locations/southamerica-east1/builds/1480892b-05b8-4768-8f38-ce35ffef87a5","resourceUri":"https://console.cloud.google.com/cloud-build/builds;region=southamerica-east1/1480892b-05b8-4768-8f38-ce35ffef87a5?project=897168498579"},{"name":"SERVICE","state":"NOT_STARTED"},{"name":"TRIGGER","state":"NOT_STARTED"}],"operationType":"CREATE_FUNCTION","buildName":"projects/897168498579/locations/southamerica-east1/builds/1480892b-05b8-4768-8f38-ce35ffef87a5"},"done":false}
[debug] [2026-09-01T18:47:51.042Z] [update-default-us-central1-dailyReminder] Retrying task index 0
[debug] [2026-09-01T18:47:51.042Z] Checked if tokens are valid: true, expires at: 1788290037941
[debug] [2026-09-01T18:47:51.043Z] Checked if tokens are valid: true, expires at: 1788290037941
[debug] [2026-09-01T18:47:51.043Z] >>> [apiv2][query] GET https://cloudfunctions.googleapis.com/v2/projects/conexaocasal-18136/locations/us-central1/operations/operation-1788288427744-65a70587ddb60-50a577ac-e534fef6 [none]
[debug] [2026-09-01T18:47:52.388Z] <<< [apiv2][status] GET https://cloudfunctions.googleapis.com/v2/projects/conexaocasal-18136/locations/us-central1/operations/operation-1788288427744-65a70587ddb60-50a577ac-e534fef6 200
[debug] [2026-09-01T18:47:52.388Z] <<< [apiv2][body] GET https://cloudfunctions.googleapis.com/v2/projects/conexaocasal-18136/locations/us-central1/operations/operation-1788288427744-65a70587ddb60-50a577ac-e534fef6 {"name":"projects/conexaocasal-18136/locations/us-central1/operations/operation-1788288427744-65a70587ddb60-50a577ac-e534fef6","metadata":{"@type":"type.googleapis.com/google.cloud.functions.v2.OperationMetadata","createTime":"2026-09-01T18:47:09.705774043Z","target":"projects/conexaocasal-18136/locations/us-central1/functions/dailyReminder","verb":"update","cancelRequested":false,"apiVersion":"v2","requestResource":{"@type":"type.googleapis.com/google.cloud.functions.v2.Function","name":"projects/conexaocasal-18136/locations/us-central1/functions/dailyReminder","buildConfig":{"runtime":"nodejs22","entryPoint":"dailyReminder","source":{"storageSource":{"bucket":"gcf-v2-sources-897168498579-us-central1","object":"dailyReminder/function-source.zip","generation":"1788288429602812"}},"environmentVariables":{"GOOGLE_NODE_RUN_SCRIPTS":""},"dockerRepository":"projects/conexaocasal-18136/locations/us-central1/repositories/gcf-artifacts","sourceProvenance":{"resolvedStorageSource":{"bucket":"gcf-v2-sources-897168498579-us-central1","object":"dailyReminder/function-source.zip","generation":"1788286982199973"}},"dockerRegistry":"ARTIFACT_REGISTRY","serviceAccount":"projects/conexaocasal-18136/serviceAccounts/897168498579-compute@developer.gserviceaccount.com","automaticUpdatePolicy":{}},"serviceConfig":{"service":"projects/conexaocasal-18136/locations/us-central1/services/dailyreminder","timeoutSeconds":60,"environmentVariables":{"FIREBASE_CONFIG":"{\"projectId\":\"conexaocasal-18136\",\"storageBucket\":\"conexaocasal-18136.firebasestorage.app\"}","GCLOUD_PROJECT":"conexaocasal-18136","EVENTARC_CLOUD_EVENT_SOURCE":"projects/conexaocasal-18136/locations/us-central1/services/dailyReminder","FUNCTION_REGION":"us-central1","FUNCTION_TARGET":"dailyReminder","LOG_EXECUTION_ID":"true"},"ingressSettings":"ALLOW_ALL","uri":"https://dailyreminder-defag5oeva-uc.a.run.app","serviceAccountEmail":"897168498579-compute@developer.gserviceaccount.com","availableMemory":"256Mi","allTrafficOnLatestRevision":true,"revision":"dailyreminder-00002-cim","maxInstanceRequestConcurrency":80,"availableCpu":"1"},"state":"ACTIVE","labels":{"deployment-tool":"cli-firebase","deployment-scheduled":"true","firebase-functions-hash":"04ecf204b3cda3275e7f7b6ae26372c6bbf96685"},"environment":"GEN_2","url":"https://us-central1-conexaocasal-18136.cloudfunctions.net/dailyReminder","satisfiesPzi":true},"stages":[{"name":"BUILD","message":"Build in progress","state":"IN_PROGRESS","resource":"projects/897168498579/locations/us-central1/builds/6f27d92e-1685-42dc-b387-0e7ce6b19c6a","resourceUri":"https://console.cloud.google.com/cloud-build/builds;region=us-central1/6f27d92e-1685-42dc-b387-0e7ce6b19c6a?project=897168498579"},{"name":"SERVICE","state":"NOT_STARTED"}],"operationType":"UPDATE_FUNCTION","buildName":"projects/897168498579/locations/us-central1/builds/6f27d92e-1685-42dc-b387-0e7ce6b19c6a"},"done":false}
[debug] [2026-09-01T18:47:56.171Z] [create-default-southamerica-east1-notifyPartnerSelectedSuggestion] Retrying task index 0
[debug] [2026-09-01T18:47:56.172Z] Checked if tokens are valid: true, expires at: 1788290037941
[debug] [2026-09-01T18:47:56.172Z] Checked if tokens are valid: true, expires at: 1788290037941
[debug] [2026-09-01T18:47:56.172Z] >>> [apiv2][query] GET https://cloudfunctions.googleapis.com/v2/projects/conexaocasal-18136/locations/southamerica-east1/operations/operation-1788288426793-65a70586f5afb-730ec9b2-95db5f82 [none]
[debug] [2026-09-01T18:47:56.645Z] <<< [apiv2][status] GET https://cloudfunctions.googleapis.com/v2/projects/conexaocasal-18136/locations/southamerica-east1/operations/operation-1788288426793-65a70586f5afb-730ec9b2-95db5f82 200
[debug] [2026-09-01T18:47:56.645Z] <<< [apiv2][body] GET https://cloudfunctions.googleapis.com/v2/projects/conexaocasal-18136/locations/southamerica-east1/operations/operation-1788288426793-65a70586f5afb-730ec9b2-95db5f82 {"name":"projects/conexaocasal-18136/locations/southamerica-east1/operations/operation-1788288426793-65a70586f5afb-730ec9b2-95db5f82","metadata":{"@type":"type.googleapis.com/google.cloud.functions.v2.OperationMetadata","createTime":"2026-09-01T18:47:07.572930697Z","target":"projects/conexaocasal-18136/locations/southamerica-east1/functions/notifyPartnerSelectedSuggestion","verb":"create","cancelRequested":false,"apiVersion":"v2","requestResource":{"@type":"type.googleapis.com/google.cloud.functions.v2.Function","name":"projects/conexaocasal-18136/locations/southamerica-east1/functions/notifyPartnerSelectedSuggestion","buildConfig":{"runtime":"nodejs22","entryPoint":"notifyPartnerSelectedSuggestion","source":{"storageSource":{"bucket":"gcf-v2-sources-897168498579-southamerica-east1","object":"notifyPartnerSelectedSuggestion/function-source.zip","generation":"1788288426998712"}},"environmentVariables":{"GOOGLE_NODE_RUN_SCRIPTS":""},"serviceAccount":"projects/conexaocasal-18136/serviceAccounts/897168498579-compute@developer.gserviceaccount.com","automaticUpdatePolicy":{}},"serviceConfig":{"service":"projects/conexaocasal-18136/locations/southamerica-east1/services/notifypartnerselectedsuggestion","timeoutSeconds":60,"environmentVariables":{"FIREBASE_CONFIG":"{\"projectId\":\"conexaocasal-18136\",\"storageBucket\":\"conexaocasal-18136.firebasestorage.app\"}","GCLOUD_PROJECT":"conexaocasal-18136","EVENTARC_CLOUD_EVENT_SOURCE":"projects/conexaocasal-18136/locations/southamerica-east1/services/notifyPartnerSelectedSuggestion","FUNCTION_REGION":"southamerica-east1","FUNCTION_SIGNATURE_TYPE":"cloudevent","FUNCTION_TARGET":"notifyPartnerSelectedSuggestion","LOG_EXECUTION_ID":"true"},"ingressSettings":"ALLOW_ALL","serviceAccountEmail":"897168498579-compute@developer.gserviceaccount.com","availableMemory":"256Mi","maxInstanceRequestConcurrency":80,"availableCpu":"1"},"eventTrigger":{"trigger":"projects/conexaocasal-18136/locations/southamerica-east1/triggers/notifypartnerselectedsuggestion-849366","triggerRegion":"southamerica-east1","eventType":"google.cloud.firestore.document.v1.updated","eventFilters":[{"attribute":"database","value":"(default)"},{"attribute":"namespace","value":"(default)"},{"attribute":"document","value":"duomatches/{coupleId}/{suggestionsKind}/{date}","operator":"match-path-pattern"}],"serviceAccountEmail":"897168498579-compute@developer.gserviceaccount.com","retryPolicy":"RETRY_POLICY_DO_NOT_RETRY"},"labels":{"deployment-tool":"cli-firebase","firebase-functions-hash":"04ecf204b3cda3275e7f7b6ae26372c6bbf96685"},"environment":"GEN_2"},"stages":[{"name":"BUILD","message":"Build finished","state":"COMPLETE","resource":"projects/897168498579/locations/southamerica-east1/builds/1480892b-05b8-4768-8f38-ce35ffef87a5","resourceUri":"https://console.cloud.google.com/cloud-build/builds;region=southamerica-east1/1480892b-05b8-4768-8f38-ce35ffef87a5?project=897168498579"},{"name":"SERVICE","message":"Creating Cloud Run service","state":"IN_PROGRESS","resource":"projects/conexaocasal-18136/locations/southamerica-east1/services/notifypartnerselectedsuggestion","resourceUri":"https://console.cloud.google.com/run/detail/southamerica-east1/notifypartnerselectedsuggestion?project=conexaocasal-18136"},{"name":"TRIGGER","state":"NOT_STARTED"}],"sourceToken":"Cl5wcm9qZWN0cy84OTcxNjg0OTg1NzkvbG9jYXRpb25zL3NvdXRoYW1lcmljYS1lYXN0MS9idWlsZHMvMTQ4MDg5MmItMDViOC00NzY4LThmMzgtY2UzNWZmZWY4N2E1EpkBc291dGhhbWVyaWNhLWVhc3QxLWRvY2tlci5wa2cuZGV2L2NvbmV4YW9jYXNhbC0xODEzNi9nY2YtYXJ0aWZhY3RzL2NvbmV4YW9jYXNhbC0tMTgxMzZfX3NvdXRoYW1lcmljYS0tZWFzdDFfX25vdGlmeV9wYXJ0bmVyX3NlbGVjdGVkX3N1Z2dlc3Rpb246dmVyc2lvbl8xGJO/o5uOGiJicHJvamVjdHMvY29uZXhhb2Nhc2FsLTE4MTM2L2xvY2F0aW9ucy9zb3V0aGFtZXJpY2EtZWFzdDEvZnVuY3Rpb25zL25vdGlmeVBhcnRuZXJTZWxlY3RlZFN1Z2dlc3Rpb24qDAjXu9zUBhCIx42AAjIIbm9kZWpzMjI6fQojZ2NyLmlvL2dhZS1ydW50aW1lcy9ub2RlanMyMjpzdGFibGUSVnNvdXRoYW1lcmljYS1lYXN0MS1kb2NrZXIucGtnLmRldi9zZXJ2ZXJsZXNzLXJ1bnRpbWVzL2dvb2dsZS0yMi1mdWxsL3J1bnRpbWVzL25vZGVqczIyQAE=","operationType":"CREATE_FUNCTION","buildName":"projects/897168498579/locations/southamerica-east1/builds/1480892b-05b8-4768-8f38-ce35ffef87a5"},"done":false}
[debug] [2026-09-01T18:47:56.645Z] Got source token Cl5wcm9qZWN0cy84OTcxNjg0OTg1NzkvbG9jYXRpb25zL3NvdXRoYW1lcmljYS1lYXN0MS9idWlsZHMvMTQ4MDg5MmItMDViOC00NzY4LThmMzgtY2UzNWZmZWY4N2E1EpkBc291dGhhbWVyaWNhLWVhc3QxLWRvY2tlci5wa2cuZGV2L2NvbmV4YW9jYXNhbC0xODEzNi9nY2YtYXJ0aWZhY3RzL2NvbmV4YW9jYXNhbC0tMTgxMzZfX3NvdXRoYW1lcmljYS0tZWFzdDFfX25vdGlmeV9wYXJ0bmVyX3NlbGVjdGVkX3N1Z2dlc3Rpb246dmVyc2lvbl8xGJO/o5uOGiJicHJvamVjdHMvY29uZXhhb2Nhc2FsLTE4MTM2L2xvY2F0aW9ucy9zb3V0aGFtZXJpY2EtZWFzdDEvZnVuY3Rpb25zL25vdGlmeVBhcnRuZXJTZWxlY3RlZFN1Z2dlc3Rpb24qDAjXu9zUBhCIx42AAjIIbm9kZWpzMjI6fQojZ2NyLmlvL2dhZS1ydW50aW1lcy9ub2RlanMyMjpzdGFibGUSVnNvdXRoYW1lcmljYS1lYXN0MS1kb2NrZXIucGtnLmRldi9zZXJ2ZXJsZXNzLXJ1bnRpbWVzL2dvb2dsZS0yMi1mdWxsL3J1bnRpbWVzL25vZGVqczIyQAE= for region southamerica-east1
[debug] [2026-09-01T18:47:56.645Z] Checked if tokens are valid: true, expires at: 1788290037941
[debug] [2026-09-01T18:47:56.645Z] Checked if tokens are valid: true, expires at: 1788290037941
[debug] [2026-09-01T18:47:56.646Z] Checked if tokens are valid: true, expires at: 1788290037941
[debug] [2026-09-01T18:47:56.646Z] Checked if tokens are valid: true, expires at: 1788290037941
[debug] [2026-09-01T18:47:56.646Z] >>> [apiv2][query] PATCH https://cloudfunctions.googleapis.com/v2/projects/conexaocasal-18136/locations/southamerica-east1/functions/notifyPartnerMarkedActivity updateMask=name%2CbuildConfig.runtime%2CbuildConfig.entryPoint%2CbuildConfig.source.storageSource.bucket%2CbuildConfig.source.storageSource.object%2CbuildConfig.environmentVariables%2CbuildConfig.sourceToken%2CserviceConfig.environmentVariables%2CserviceConfig.ingressSettings%2CserviceConfig.timeoutSeconds%2CserviceConfig.serviceAccountEmail%2CserviceConfig.availableMemory%2CserviceConfig.minInstanceCount%2CserviceConfig.maxInstanceCount%2CserviceConfig.maxInstanceRequestConcurrency%2CserviceConfig.availableCpu%2CserviceConfig.vpcConnector%2CserviceConfig.vpcConnectorEgressSettings%2CserviceConfig.directVpcNetworkInterface%2CserviceConfig.directVpcEgress%2Clabels%2CeventTrigger.eventType%2CeventTrigger.retryPolicy%2CeventTrigger.eventFilters%2CeventTrigger.triggerRegion
[debug] [2026-09-01T18:47:56.646Z] >>> [apiv2][body] PATCH https://cloudfunctions.googleapis.com/v2/projects/conexaocasal-18136/locations/southamerica-east1/functions/notifyPartnerMarkedActivity {"name":"projects/conexaocasal-18136/locations/southamerica-east1/functions/notifyPartnerMarkedActivity","buildConfig":{"runtime":"nodejs22","entryPoint":"notifyPartnerMarkedActivity","source":{"storageSource":{"bucket":"gcf-v2-uploads-897168498579.southamerica-east1.cloudfunctions.appspot.com","object":"27994643-ad36-4b83-b30a-e85d8c45a097.zip"}},"environmentVariables":{"GOOGLE_NODE_RUN_SCRIPTS":""},"sourceToken":"Cl5wcm9qZWN0cy84OTcxNjg0OTg1NzkvbG9jYXRpb25zL3NvdXRoYW1lcmljYS1lYXN0MS9idWlsZHMvMTQ4MDg5MmItMDViOC00NzY4LThmMzgtY2UzNWZmZWY4N2E1EpkBc291dGhhbWVyaWNhLWVhc3QxLWRvY2tlci5wa2cuZGV2L2NvbmV4YW9jYXNhbC0xODEzNi9nY2YtYXJ0aWZhY3RzL2NvbmV4YW9jYXNhbC0tMTgxMzZfX3NvdXRoYW1lcmljYS0tZWFzdDFfX25vdGlmeV9wYXJ0bmVyX3NlbGVjdGVkX3N1Z2dlc3Rpb246dmVyc2lvbl8xGJO/o5uOGiJicHJvamVjdHMvY29uZXhhb2Nhc2FsLTE4MTM2L2xvY2F0aW9ucy9zb3V0aGFtZXJpY2EtZWFzdDEvZnVuY3Rpb25zL25vdGlmeVBhcnRuZXJTZWxlY3RlZFN1Z2dlc3Rpb24qDAjXu9zUBhCIx42AAjIIbm9kZWpzMjI6fQojZ2NyLmlvL2dhZS1ydW50aW1lcy9ub2RlanMyMjpzdGFibGUSVnNvdXRoYW1lcmljYS1lYXN0MS1kb2NrZXIucGtnLmRldi9zZXJ2ZXJsZXNzLXJ1bnRpbWVzL2dvb2dsZS0yMi1mdWxsL3J1bnRpbWVzL25vZGVqczIyQAE="},"serviceConfig":{"environmentVariables":{"FIREBASE_CONFIG":"{\"projectId\":\"conexaocasal-18136\",\"storageBucket\":\"conexaocasal-18136.firebasestorage.app\"}","GCLOUD_PROJECT":"conexaocasal-18136","EVENTARC_CLOUD_EVENT_SOURCE":"projects/conexaocasal-18136/locations/southamerica-east1/services/notifyPartnerMarkedActivity","FUNCTION_REGION":"southamerica-east1","FUNCTION_SIGNATURE_TYPE":"cloudevent","FUNCTION_TARGET":"notifyPartnerMarkedActivity","LOG_EXECUTION_ID":"true"},"ingressSettings":null,"timeoutSeconds":null,"serviceAccountEmail":null,"availableMemory":"256Mi","minInstanceCount":null,"maxInstanceCount":null,"maxInstanceRequestConcurrency":80,"availableCpu":"1","vpcConnector":null,"vpcConnectorEgressSettings":null,"directVpcNetworkInterface":null,"directVpcEgress":null},"labels":{"deployment-tool":"cli-firebase","firebase-functions-hash":"04ecf204b3cda3275e7f7b6ae26372c6bbf96685"},"eventTrigger":{"eventType":"google.cloud.firestore.document.v1.updated","retryPolicy":"RETRY_POLICY_DO_NOT_RETRY","eventFilters":[{"attribute":"database","value":"(default)"},{"attribute":"namespace","value":"(default)"},{"attribute":"document","value":"duomatches/{coupleId}/activities/{activityId}","operator":"match-path-pattern"}],"triggerRegion":"southamerica-east1"}}
[debug] [2026-09-01T18:47:56.646Z] >>> [apiv2][query] PATCH https://cloudfunctions.googleapis.com/v2/projects/conexaocasal-18136/locations/southamerica-east1/functions/notifyPartnerCreatedChallenge updateMask=name%2CbuildConfig.runtime%2CbuildConfig.entryPoint%2CbuildConfig.source.storageSource.bucket%2CbuildConfig.source.storageSource.object%2CbuildConfig.environmentVariables%2CbuildConfig.sourceToken%2CserviceConfig.environmentVariables%2CserviceConfig.ingressSettings%2CserviceConfig.timeoutSeconds%2CserviceConfig.serviceAccountEmail%2CserviceConfig.availableMemory%2CserviceConfig.minInstanceCount%2CserviceConfig.maxInstanceCount%2CserviceConfig.maxInstanceRequestConcurrency%2CserviceConfig.availableCpu%2CserviceConfig.vpcConnector%2CserviceConfig.vpcConnectorEgressSettings%2CserviceConfig.directVpcNetworkInterface%2CserviceConfig.directVpcEgress%2Clabels%2CeventTrigger.eventType%2CeventTrigger.retryPolicy%2CeventTrigger.eventFilters%2CeventTrigger.triggerRegion
[debug] [2026-09-01T18:47:56.647Z] >>> [apiv2][body] PATCH https://cloudfunctions.googleapis.com/v2/projects/conexaocasal-18136/locations/southamerica-east1/functions/notifyPartnerCreatedChallenge {"name":"projects/conexaocasal-18136/locations/southamerica-east1/functions/notifyPartnerCreatedChallenge","buildConfig":{"runtime":"nodejs22","entryPoint":"notifyPartnerCreatedChallenge","source":{"storageSource":{"bucket":"gcf-v2-uploads-897168498579.southamerica-east1.cloudfunctions.appspot.com","object":"27994643-ad36-4b83-b30a-e85d8c45a097.zip"}},"environmentVariables":{"GOOGLE_NODE_RUN_SCRIPTS":""},"sourceToken":"Cl5wcm9qZWN0cy84OTcxNjg0OTg1NzkvbG9jYXRpb25zL3NvdXRoYW1lcmljYS1lYXN0MS9idWlsZHMvMTQ4MDg5MmItMDViOC00NzY4LThmMzgtY2UzNWZmZWY4N2E1EpkBc291dGhhbWVyaWNhLWVhc3QxLWRvY2tlci5wa2cuZGV2L2NvbmV4YW9jYXNhbC0xODEzNi9nY2YtYXJ0aWZhY3RzL2NvbmV4YW9jYXNhbC0tMTgxMzZfX3NvdXRoYW1lcmljYS0tZWFzdDFfX25vdGlmeV9wYXJ0bmVyX3NlbGVjdGVkX3N1Z2dlc3Rpb246dmVyc2lvbl8xGJO/o5uOGiJicHJvamVjdHMvY29uZXhhb2Nhc2FsLTE4MTM2L2xvY2F0aW9ucy9zb3V0aGFtZXJpY2EtZWFzdDEvZnVuY3Rpb25zL25vdGlmeVBhcnRuZXJTZWxlY3RlZFN1Z2dlc3Rpb24qDAjXu9zUBhCIx42AAjIIbm9kZWpzMjI6fQojZ2NyLmlvL2dhZS1ydW50aW1lcy9ub2RlanMyMjpzdGFibGUSVnNvdXRoYW1lcmljYS1lYXN0MS1kb2NrZXIucGtnLmRldi9zZXJ2ZXJsZXNzLXJ1bnRpbWVzL2dvb2dsZS0yMi1mdWxsL3J1bnRpbWVzL25vZGVqczIyQAE="},"serviceConfig":{"environmentVariables":{"FIREBASE_CONFIG":"{\"projectId\":\"conexaocasal-18136\",\"storageBucket\":\"conexaocasal-18136.firebasestorage.app\"}","GCLOUD_PROJECT":"conexaocasal-18136","EVENTARC_CLOUD_EVENT_SOURCE":"projects/conexaocasal-18136/locations/southamerica-east1/services/notifyPartnerCreatedChallenge","FUNCTION_REGION":"southamerica-east1","FUNCTION_SIGNATURE_TYPE":"cloudevent","FUNCTION_TARGET":"notifyPartnerCreatedChallenge","LOG_EXECUTION_ID":"true"},"ingressSettings":null,"timeoutSeconds":null,"serviceAccountEmail":null,"availableMemory":"256Mi","minInstanceCount":null,"maxInstanceCount":null,"maxInstanceRequestConcurrency":80,"availableCpu":"1","vpcConnector":null,"vpcConnectorEgressSettings":null,"directVpcNetworkInterface":null,"directVpcEgress":null},"labels":{"deployment-tool":"cli-firebase","firebase-functions-hash":"04ecf204b3cda3275e7f7b6ae26372c6bbf96685"},"eventTrigger":{"eventType":"google.cloud.firestore.document.v1.created","retryPolicy":"RETRY_POLICY_DO_NOT_RETRY","eventFilters":[{"attribute":"database","value":"(default)"},{"attribute":"namespace","value":"(default)"},{"attribute":"document","value":"duomatches/{coupleId}/activities/{activityId}","operator":"match-path-pattern"}],"triggerRegion":"southamerica-east1"}}
[debug] [2026-09-01T18:47:58.173Z] <<< [apiv2][status] PATCH https://cloudfunctions.googleapis.com/v2/projects/conexaocasal-18136/locations/southamerica-east1/functions/notifyPartnerMarkedActivity 200
[debug] [2026-09-01T18:47:58.173Z] <<< [apiv2][body] PATCH https://cloudfunctions.googleapis.com/v2/projects/conexaocasal-18136/locations/southamerica-east1/functions/notifyPartnerMarkedActivity {"name":"projects/conexaocasal-18136/locations/southamerica-east1/operations/operation-1788288477538-65a705b75a9b5-047efb14-9b00018c","metadata":{"@type":"type.googleapis.com/google.cloud.functions.v2.OperationMetadata","createTime":"2026-09-01T18:47:58.795209968Z","target":"projects/conexaocasal-18136/locations/southamerica-east1/functions/notifyPartnerMarkedActivity","verb":"update","cancelRequested":false,"apiVersion":"v2"},"done":false}
[debug] [2026-09-01T18:47:58.174Z] Checked if tokens are valid: true, expires at: 1788290037941
[debug] [2026-09-01T18:47:58.174Z] Checked if tokens are valid: true, expires at: 1788290037941
[debug] [2026-09-01T18:47:58.174Z] >>> [apiv2][query] GET https://cloudfunctions.googleapis.com/v2/projects/conexaocasal-18136/locations/southamerica-east1/operations/operation-1788288477538-65a705b75a9b5-047efb14-9b00018c [none]
[debug] [2026-09-01T18:47:58.520Z] <<< [apiv2][status] PATCH https://cloudfunctions.googleapis.com/v2/projects/conexaocasal-18136/locations/southamerica-east1/functions/notifyPartnerCreatedChallenge 200
[debug] [2026-09-01T18:47:58.520Z] <<< [apiv2][body] PATCH https://cloudfunctions.googleapis.com/v2/projects/conexaocasal-18136/locations/southamerica-east1/functions/notifyPartnerCreatedChallenge {"name":"projects/conexaocasal-18136/locations/southamerica-east1/operations/operation-1788288477935-65a705b7bb7f9-ab8092da-5cd79c2f","metadata":{"@type":"type.googleapis.com/google.cloud.functions.v2.OperationMetadata","createTime":"2026-09-01T18:47:59.138647769Z","target":"projects/conexaocasal-18136/locations/southamerica-east1/functions/notifyPartnerCreatedChallenge","verb":"update","cancelRequested":false,"apiVersion":"v2"},"done":false}
[debug] [2026-09-01T18:47:58.521Z] Checked if tokens are valid: true, expires at: 1788290037941
[debug] [2026-09-01T18:47:58.521Z] Checked if tokens are valid: true, expires at: 1788290037941
[debug] [2026-09-01T18:47:58.521Z] >>> [apiv2][query] GET https://cloudfunctions.googleapis.com/v2/projects/conexaocasal-18136/locations/southamerica-east1/operations/operation-1788288477935-65a705b7bb7f9-ab8092da-5cd79c2f [none]
[debug] [2026-09-01T18:47:58.627Z] <<< [apiv2][status] GET https://cloudfunctions.googleapis.com/v2/projects/conexaocasal-18136/locations/southamerica-east1/operations/operation-1788288477538-65a705b75a9b5-047efb14-9b00018c 200
[debug] [2026-09-01T18:47:58.627Z] <<< [apiv2][body] GET https://cloudfunctions.googleapis.com/v2/projects/conexaocasal-18136/locations/southamerica-east1/operations/operation-1788288477538-65a705b75a9b5-047efb14-9b00018c {"name":"projects/conexaocasal-18136/locations/southamerica-east1/operations/operation-1788288477538-65a705b75a9b5-047efb14-9b00018c","metadata":{"@type":"type.googleapis.com/google.cloud.functions.v2.OperationMetadata","createTime":"2026-09-01T18:47:58.795209968Z","target":"projects/conexaocasal-18136/locations/southamerica-east1/functions/notifyPartnerMarkedActivity","verb":"update","cancelRequested":false,"apiVersion":"v2","requestResource":{"@type":"type.googleapis.com/google.cloud.functions.v2.Function","name":"projects/conexaocasal-18136/locations/southamerica-east1/functions/notifyPartnerMarkedActivity","buildConfig":{"runtime":"nodejs22","entryPoint":"notifyPartnerMarkedActivity","source":{"storageSource":{"bucket":"gcf-v2-sources-897168498579-southamerica-east1","object":"notifyPartnerMarkedActivity/function-source.zip","generation":"1788288478753446"}},"environmentVariables":{"GOOGLE_NODE_RUN_SCRIPTS":""},"dockerRepository":"projects/conexaocasal-18136/locations/southamerica-east1/repositories/gcf-artifacts","sourceProvenance":{"resolvedStorageSource":{"bucket":"gcf-v2-sources-897168498579-southamerica-east1","object":"notifyPartnerMarkedActivity/function-source.zip","generation":"1788286982073099"}},"dockerRegistry":"ARTIFACT_REGISTRY","sourceToken":"Cl5wcm9qZWN0cy84OTcxNjg0OTg1NzkvbG9jYXRpb25zL3NvdXRoYW1lcmljYS1lYXN0MS9idWlsZHMvMTQ4MDg5MmItMDViOC00NzY4LThmMzgtY2UzNWZmZWY4N2E1EpkBc291dGhhbWVyaWNhLWVhc3QxLWRvY2tlci5wa2cuZGV2L2NvbmV4YW9jYXNhbC0xODEzNi9nY2YtYXJ0aWZhY3RzL2NvbmV4YW9jYXNhbC0tMTgxMzZfX3NvdXRoYW1lcmljYS0tZWFzdDFfX25vdGlmeV9wYXJ0bmVyX3NlbGVjdGVkX3N1Z2dlc3Rpb246dmVyc2lvbl8xGJO/o5uOGiJicHJvamVjdHMvY29uZXhhb2Nhc2FsLTE4MTM2L2xvY2F0aW9ucy9zb3V0aGFtZXJpY2EtZWFzdDEvZnVuY3Rpb25zL25vdGlmeVBhcnRuZXJTZWxlY3RlZFN1Z2dlc3Rpb24qDAjXu9zUBhCIx42AAjIIbm9kZWpzMjI6fQojZ2NyLmlvL2dhZS1ydW50aW1lcy9ub2RlanMyMjpzdGFibGUSVnNvdXRoYW1lcmljYS1lYXN0MS1kb2NrZXIucGtnLmRldi9zZXJ2ZXJsZXNzLXJ1bnRpbWVzL2dvb2dsZS0yMi1mdWxsL3J1bnRpbWVzL25vZGVqczIyQAE=","serviceAccount":"projects/conexaocasal-18136/serviceAccounts/897168498579-compute@developer.gserviceaccount.com","automaticUpdatePolicy":{}},"serviceConfig":{"service":"projects/conexaocasal-18136/locations/southamerica-east1/services/notifypartnermarkedactivity","timeoutSeconds":60,"environmentVariables":{"FIREBASE_CONFIG":"{\"projectId\":\"conexaocasal-18136\",\"storageBucket\":\"conexaocasal-18136.firebasestorage.app\"}","GCLOUD_PROJECT":"conexaocasal-18136","EVENTARC_CLOUD_EVENT_SOURCE":"projects/conexaocasal-18136/locations/southamerica-east1/services/notifyPartnerMarkedActivity","FUNCTION_REGION":"southamerica-east1","FUNCTION_SIGNATURE_TYPE":"cloudevent","FUNCTION_TARGET":"notifyPartnerMarkedActivity","LOG_EXECUTION_ID":"true"},"ingressSettings":"ALLOW_ALL","uri":"https://notifypartnermarkedactivity-defag5oeva-rj.a.run.app","serviceAccountEmail":"897168498579-compute@developer.gserviceaccount.com","availableMemory":"256Mi","allTrafficOnLatestRevision":true,"revision":"notifypartnermarkedactivity-00001-jan","maxInstanceRequestConcurrency":80,"availableCpu":"1"},"eventTrigger":{"trigger":"projects/conexaocasal-18136/locations/southamerica-east1/triggers/notifypartnermarkedactivity-397760","triggerRegion":"southamerica-east1","eventType":"google.cloud.firestore.document.v1.updated","eventFilters":[{"attribute":"database","value":"(default)"},{"attribute":"namespace","value":"(default)"},{"attribute":"document","value":"duomatches/{coupleId}/activities/{activityId}","operator":"match-path-pattern"}],"pubsubTopic":"projects/conexaocasal-18136/topics/eventarc-southamerica-east1-notifypartnermarkedactivity-397760-195","serviceAccountEmail":"897168498579-compute@developer.gserviceaccount.com","retryPolicy":"RETRY_POLICY_DO_NOT_RETRY"},"state":"ACTIVE","labels":{"deployment-tool":"cli-firebase","firebase-functions-hash":"04ecf204b3cda3275e7f7b6ae26372c6bbf96685"},"environment":"GEN_2","url":"https://southamerica-east1-conexaocasal-18136.cloudfunctions.net/notifyPartnerMarkedActivity","satisfiesPzs":true,"satisfiesPzi":true},"stages":[{"name":"BUILD","message":"Reusing build","state":"COMPLETE","resource":"projects/897168498579/locations/southamerica-east1/builds/1480892b-05b8-4768-8f38-ce35ffef87a5"},{"name":"SERVICE","state":"NOT_STARTED"},{"name":"TRIGGER","state":"NOT_STARTED"}],"sourceToken":"Cl5wcm9qZWN0cy84OTcxNjg0OTg1NzkvbG9jYXRpb25zL3NvdXRoYW1lcmljYS1lYXN0MS9idWlsZHMvMTQ4MDg5MmItMDViOC00NzY4LThmMzgtY2UzNWZmZWY4N2E1EpkBc291dGhhbWVyaWNhLWVhc3QxLWRvY2tlci5wa2cuZGV2L2NvbmV4YW9jYXNhbC0xODEzNi9nY2YtYXJ0aWZhY3RzL2NvbmV4YW9jYXNhbC0tMTgxMzZfX3NvdXRoYW1lcmljYS0tZWFzdDFfX25vdGlmeV9wYXJ0bmVyX3NlbGVjdGVkX3N1Z2dlc3Rpb246dmVyc2lvbl8xGJO/o5uOGiJicHJvamVjdHMvY29uZXhhb2Nhc2FsLTE4MTM2L2xvY2F0aW9ucy9zb3V0aGFtZXJpY2EtZWFzdDEvZnVuY3Rpb25zL25vdGlmeVBhcnRuZXJTZWxlY3RlZFN1Z2dlc3Rpb24qDAjXu9zUBhCIx42AAjIIbm9kZWpzMjI6fQojZ2NyLmlvL2dhZS1ydW50aW1lcy9ub2RlanMyMjpzdGFibGUSVnNvdXRoYW1lcmljYS1lYXN0MS1kb2NrZXIucGtnLmRldi9zZXJ2ZXJsZXNzLXJ1bnRpbWVzL2dvb2dsZS0yMi1mdWxsL3J1bnRpbWVzL25vZGVqczIyQAE=","operationType":"UPDATE_FUNCTION","buildName":"projects/897168498579/locations/southamerica-east1/builds/1480892b-05b8-4768-8f38-ce35ffef87a5"},"done":false}
[debug] [2026-09-01T18:47:58.627Z] Got source token Cl5wcm9qZWN0cy84OTcxNjg0OTg1NzkvbG9jYXRpb25zL3NvdXRoYW1lcmljYS1lYXN0MS9idWlsZHMvMTQ4MDg5MmItMDViOC00NzY4LThmMzgtY2UzNWZmZWY4N2E1EpkBc291dGhhbWVyaWNhLWVhc3QxLWRvY2tlci5wa2cuZGV2L2NvbmV4YW9jYXNhbC0xODEzNi9nY2YtYXJ0aWZhY3RzL2NvbmV4YW9jYXNhbC0tMTgxMzZfX3NvdXRoYW1lcmljYS0tZWFzdDFfX25vdGlmeV9wYXJ0bmVyX3NlbGVjdGVkX3N1Z2dlc3Rpb246dmVyc2lvbl8xGJO/o5uOGiJicHJvamVjdHMvY29uZXhhb2Nhc2FsLTE4MTM2L2xvY2F0aW9ucy9zb3V0aGFtZXJpY2EtZWFzdDEvZnVuY3Rpb25zL25vdGlmeVBhcnRuZXJTZWxlY3RlZFN1Z2dlc3Rpb24qDAjXu9zUBhCIx42AAjIIbm9kZWpzMjI6fQojZ2NyLmlvL2dhZS1ydW50aW1lcy9ub2RlanMyMjpzdGFibGUSVnNvdXRoYW1lcmljYS1lYXN0MS1kb2NrZXIucGtnLmRldi9zZXJ2ZXJsZXNzLXJ1bnRpbWVzL2dvb2dsZS0yMi1mdWxsL3J1bnRpbWVzL25vZGVqczIyQAE= for region southamerica-east1
[debug] [2026-09-01T18:47:58.978Z] <<< [apiv2][status] GET https://cloudfunctions.googleapis.com/v2/projects/conexaocasal-18136/locations/southamerica-east1/operations/operation-1788288477935-65a705b7bb7f9-ab8092da-5cd79c2f 200
[debug] [2026-09-01T18:47:58.978Z] <<< [apiv2][body] GET https://cloudfunctions.googleapis.com/v2/projects/conexaocasal-18136/locations/southamerica-east1/operations/operation-1788288477935-65a705b7bb7f9-ab8092da-5cd79c2f {"name":"projects/conexaocasal-18136/locations/southamerica-east1/operations/operation-1788288477935-65a705b7bb7f9-ab8092da-5cd79c2f","metadata":{"@type":"type.googleapis.com/google.cloud.functions.v2.OperationMetadata","createTime":"2026-09-01T18:47:59.138647769Z","target":"projects/conexaocasal-18136/locations/southamerica-east1/functions/notifyPartnerCreatedChallenge","verb":"update","cancelRequested":false,"apiVersion":"v2","requestResource":{"@type":"type.googleapis.com/google.cloud.functions.v2.Function","name":"projects/conexaocasal-18136/locations/southamerica-east1/functions/notifyPartnerCreatedChallenge","buildConfig":{"runtime":"nodejs22","entryPoint":"notifyPartnerCreatedChallenge","source":{"storageSource":{"bucket":"gcf-v2-sources-897168498579-southamerica-east1","object":"notifyPartnerCreatedChallenge/function-source.zip","generation":"1788288479093825"}},"environmentVariables":{"GOOGLE_NODE_RUN_SCRIPTS":""},"dockerRepository":"projects/conexaocasal-18136/locations/southamerica-east1/repositories/gcf-artifacts","sourceProvenance":{"resolvedStorageSource":{"bucket":"gcf-v2-sources-897168498579-southamerica-east1","object":"notifyPartnerCreatedChallenge/function-source.zip","generation":"1788287044716667"}},"dockerRegistry":"ARTIFACT_REGISTRY","sourceToken":"Cl5wcm9qZWN0cy84OTcxNjg0OTg1NzkvbG9jYXRpb25zL3NvdXRoYW1lcmljYS1lYXN0MS9idWlsZHMvMTQ4MDg5MmItMDViOC00NzY4LThmMzgtY2UzNWZmZWY4N2E1EpkBc291dGhhbWVyaWNhLWVhc3QxLWRvY2tlci5wa2cuZGV2L2NvbmV4YW9jYXNhbC0xODEzNi9nY2YtYXJ0aWZhY3RzL2NvbmV4YW9jYXNhbC0tMTgxMzZfX3NvdXRoYW1lcmljYS0tZWFzdDFfX25vdGlmeV9wYXJ0bmVyX3NlbGVjdGVkX3N1Z2dlc3Rpb246dmVyc2lvbl8xGJO/o5uOGiJicHJvamVjdHMvY29uZXhhb2Nhc2FsLTE4MTM2L2xvY2F0aW9ucy9zb3V0aGFtZXJpY2EtZWFzdDEvZnVuY3Rpb25zL25vdGlmeVBhcnRuZXJTZWxlY3RlZFN1Z2dlc3Rpb24qDAjXu9zUBhCIx42AAjIIbm9kZWpzMjI6fQojZ2NyLmlvL2dhZS1ydW50aW1lcy9ub2RlanMyMjpzdGFibGUSVnNvdXRoYW1lcmljYS1lYXN0MS1kb2NrZXIucGtnLmRldi9zZXJ2ZXJsZXNzLXJ1bnRpbWVzL2dvb2dsZS0yMi1mdWxsL3J1bnRpbWVzL25vZGVqczIyQAE=","serviceAccount":"projects/conexaocasal-18136/serviceAccounts/897168498579-compute@developer.gserviceaccount.com","automaticUpdatePolicy":{}},"serviceConfig":{"service":"projects/conexaocasal-18136/locations/southamerica-east1/services/notifypartnercreatedchallenge","timeoutSeconds":60,"environmentVariables":{"FIREBASE_CONFIG":"{\"projectId\":\"conexaocasal-18136\",\"storageBucket\":\"conexaocasal-18136.firebasestorage.app\"}","GCLOUD_PROJECT":"conexaocasal-18136","EVENTARC_CLOUD_EVENT_SOURCE":"projects/conexaocasal-18136/locations/southamerica-east1/services/notifyPartnerCreatedChallenge","FUNCTION_REGION":"southamerica-east1","FUNCTION_SIGNATURE_TYPE":"cloudevent","FUNCTION_TARGET":"notifyPartnerCreatedChallenge","LOG_EXECUTION_ID":"true"},"ingressSettings":"ALLOW_ALL","uri":"https://notifypartnercreatedchallenge-defag5oeva-rj.a.run.app","serviceAccountEmail":"897168498579-compute@developer.gserviceaccount.com","availableMemory":"256Mi","allTrafficOnLatestRevision":true,"revision":"notifypartnercreatedchallenge-00001-zug","maxInstanceRequestConcurrency":80,"availableCpu":"1"},"eventTrigger":{"trigger":"projects/conexaocasal-18136/locations/southamerica-east1/triggers/notifypartnercreatedchallenge-953075","triggerRegion":"southamerica-east1","eventType":"google.cloud.firestore.document.v1.created","eventFilters":[{"attribute":"database","value":"(default)"},{"attribute":"namespace","value":"(default)"},{"attribute":"document","value":"duomatches/{coupleId}/activities/{activityId}","operator":"match-path-pattern"}],"pubsubTopic":"projects/conexaocasal-18136/topics/eventarc-southamerica-east1-notifypartnercreatedchallenge-953075-600","serviceAccountEmail":"897168498579-compute@developer.gserviceaccount.com","retryPolicy":"RETRY_POLICY_DO_NOT_RETRY"},"state":"ACTIVE","labels":{"deployment-tool":"cli-firebase","firebase-functions-hash":"04ecf204b3cda3275e7f7b6ae26372c6bbf96685"},"environment":"GEN_2","url":"https://southamerica-east1-conexaocasal-18136.cloudfunctions.net/notifyPartnerCreatedChallenge","satisfiesPzs":true,"satisfiesPzi":true},"stages":[{"name":"BUILD","message":"Reusing build","state":"COMPLETE","resource":"projects/897168498579/locations/southamerica-east1/builds/1480892b-05b8-4768-8f38-ce35ffef87a5"},{"name":"SERVICE","state":"NOT_STARTED"},{"name":"TRIGGER","state":"NOT_STARTED"}],"sourceToken":"Cl5wcm9qZWN0cy84OTcxNjg0OTg1NzkvbG9jYXRpb25zL3NvdXRoYW1lcmljYS1lYXN0MS9idWlsZHMvMTQ4MDg5MmItMDViOC00NzY4LThmMzgtY2UzNWZmZWY4N2E1EpkBc291dGhhbWVyaWNhLWVhc3QxLWRvY2tlci5wa2cuZGV2L2NvbmV4YW9jYXNhbC0xODEzNi9nY2YtYXJ0aWZhY3RzL2NvbmV4YW9jYXNhbC0tMTgxMzZfX3NvdXRoYW1lcmljYS0tZWFzdDFfX25vdGlmeV9wYXJ0bmVyX3NlbGVjdGVkX3N1Z2dlc3Rpb246dmVyc2lvbl8xGJO/o5uOGiJicHJvamVjdHMvY29uZXhhb2Nhc2FsLTE4MTM2L2xvY2F0aW9ucy9zb3V0aGFtZXJpY2EtZWFzdDEvZnVuY3Rpb25zL25vdGlmeVBhcnRuZXJTZWxlY3RlZFN1Z2dlc3Rpb24qDAjXu9zUBhCIx42AAjIIbm9kZWpzMjI6fQojZ2NyLmlvL2dhZS1ydW50aW1lcy9ub2RlanMyMjpzdGFibGUSVnNvdXRoYW1lcmljYS1lYXN0MS1kb2NrZXIucGtnLmRldi9zZXJ2ZXJsZXNzLXJ1bnRpbWVzL2dvb2dsZS0yMi1mdWxsL3J1bnRpbWVzL25vZGVqczIyQAE=","operationType":"UPDATE_FUNCTION","buildName":"projects/897168498579/locations/southamerica-east1/builds/1480892b-05b8-4768-8f38-ce35ffef87a5"},"done":false}
[debug] [2026-09-01T18:47:58.978Z] Got source token Cl5wcm9qZWN0cy84OTcxNjg0OTg1NzkvbG9jYXRpb25zL3NvdXRoYW1lcmljYS1lYXN0MS9idWlsZHMvMTQ4MDg5MmItMDViOC00NzY4LThmMzgtY2UzNWZmZWY4N2E1EpkBc291dGhhbWVyaWNhLWVhc3QxLWRvY2tlci5wa2cuZGV2L2NvbmV4YW9jYXNhbC0xODEzNi9nY2YtYXJ0aWZhY3RzL2NvbmV4YW9jYXNhbC0tMTgxMzZfX3NvdXRoYW1lcmljYS0tZWFzdDFfX25vdGlmeV9wYXJ0bmVyX3NlbGVjdGVkX3N1Z2dlc3Rpb246dmVyc2lvbl8xGJO/o5uOGiJicHJvamVjdHMvY29uZXhhb2Nhc2FsLTE4MTM2L2xvY2F0aW9ucy9zb3V0aGFtZXJpY2EtZWFzdDEvZnVuY3Rpb25zL25vdGlmeVBhcnRuZXJTZWxlY3RlZFN1Z2dlc3Rpb24qDAjXu9zUBhCIx42AAjIIbm9kZWpzMjI6fQojZ2NyLmlvL2dhZS1ydW50aW1lcy9ub2RlanMyMjpzdGFibGUSVnNvdXRoYW1lcmljYS1lYXN0MS1kb2NrZXIucGtnLmRldi9zZXJ2ZXJsZXNzLXJ1bnRpbWVzL2dvb2dsZS0yMi1mdWxsL3J1bnRpbWVzL25vZGVqczIyQAE= for region southamerica-east1
[debug] [2026-09-01T18:47:59.136Z] [update-default-southamerica-east1-notifyPartnerMarkedActivity] Retrying task index 0
[debug] [2026-09-01T18:47:59.136Z] Checked if tokens are valid: true, expires at: 1788290037941
[debug] [2026-09-01T18:47:59.136Z] Checked if tokens are valid: true, expires at: 1788290037941
[debug] [2026-09-01T18:47:59.136Z] >>> [apiv2][query] GET https://cloudfunctions.googleapis.com/v2/projects/conexaocasal-18136/locations/southamerica-east1/operations/operation-1788288477538-65a705b75a9b5-047efb14-9b00018c [none]
[debug] [2026-09-01T18:47:59.488Z] [update-default-southamerica-east1-notifyPartnerCreatedChallenge] Retrying task index 0
[debug] [2026-09-01T18:47:59.488Z] Checked if tokens are valid: true, expires at: 1788290037941
[debug] [2026-09-01T18:47:59.488Z] Checked if tokens are valid: true, expires at: 1788290037941
[debug] [2026-09-01T18:47:59.488Z] >>> [apiv2][query] GET https://cloudfunctions.googleapis.com/v2/projects/conexaocasal-18136/locations/southamerica-east1/operations/operation-1788288477935-65a705b7bb7f9-ab8092da-5cd79c2f [none]
[debug] [2026-09-01T18:47:59.643Z] <<< [apiv2][status] GET https://cloudfunctions.googleapis.com/v2/projects/conexaocasal-18136/locations/southamerica-east1/operations/operation-1788288477538-65a705b75a9b5-047efb14-9b00018c 200
[debug] [2026-09-01T18:47:59.643Z] <<< [apiv2][body] GET https://cloudfunctions.googleapis.com/v2/projects/conexaocasal-18136/locations/southamerica-east1/operations/operation-1788288477538-65a705b75a9b5-047efb14-9b00018c {"name":"projects/conexaocasal-18136/locations/southamerica-east1/operations/operation-1788288477538-65a705b75a9b5-047efb14-9b00018c","metadata":{"@type":"type.googleapis.com/google.cloud.functions.v2.OperationMetadata","createTime":"2026-09-01T18:47:58.795209968Z","target":"projects/conexaocasal-18136/locations/southamerica-east1/functions/notifyPartnerMarkedActivity","verb":"update","cancelRequested":false,"apiVersion":"v2","requestResource":{"@type":"type.googleapis.com/google.cloud.functions.v2.Function","name":"projects/conexaocasal-18136/locations/southamerica-east1/functions/notifyPartnerMarkedActivity","buildConfig":{"runtime":"nodejs22","entryPoint":"notifyPartnerMarkedActivity","source":{"storageSource":{"bucket":"gcf-v2-sources-897168498579-southamerica-east1","object":"notifyPartnerMarkedActivity/function-source.zip","generation":"1788288478753446"}},"environmentVariables":{"GOOGLE_NODE_RUN_SCRIPTS":""},"dockerRepository":"projects/conexaocasal-18136/locations/southamerica-east1/repositories/gcf-artifacts","sourceProvenance":{"resolvedStorageSource":{"bucket":"gcf-v2-sources-897168498579-southamerica-east1","object":"notifyPartnerMarkedActivity/function-source.zip","generation":"1788286982073099"}},"dockerRegistry":"ARTIFACT_REGISTRY","sourceToken":"Cl5wcm9qZWN0cy84OTcxNjg0OTg1NzkvbG9jYXRpb25zL3NvdXRoYW1lcmljYS1lYXN0MS9idWlsZHMvMTQ4MDg5MmItMDViOC00NzY4LThmMzgtY2UzNWZmZWY4N2E1EpkBc291dGhhbWVyaWNhLWVhc3QxLWRvY2tlci5wa2cuZGV2L2NvbmV4YW9jYXNhbC0xODEzNi9nY2YtYXJ0aWZhY3RzL2NvbmV4YW9jYXNhbC0tMTgxMzZfX3NvdXRoYW1lcmljYS0tZWFzdDFfX25vdGlmeV9wYXJ0bmVyX3NlbGVjdGVkX3N1Z2dlc3Rpb246dmVyc2lvbl8xGJO/o5uOGiJicHJvamVjdHMvY29uZXhhb2Nhc2FsLTE4MTM2L2xvY2F0aW9ucy9zb3V0aGFtZXJpY2EtZWFzdDEvZnVuY3Rpb25zL25vdGlmeVBhcnRuZXJTZWxlY3RlZFN1Z2dlc3Rpb24qDAjXu9zUBhCIx42AAjIIbm9kZWpzMjI6fQojZ2NyLmlvL2dhZS1ydW50aW1lcy9ub2RlanMyMjpzdGFibGUSVnNvdXRoYW1lcmljYS1lYXN0MS1kb2NrZXIucGtnLmRldi9zZXJ2ZXJsZXNzLXJ1bnRpbWVzL2dvb2dsZS0yMi1mdWxsL3J1bnRpbWVzL25vZGVqczIyQAE=","serviceAccount":"projects/conexaocasal-18136/serviceAccounts/897168498579-compute@developer.gserviceaccount.com","automaticUpdatePolicy":{}},"serviceConfig":{"service":"projects/conexaocasal-18136/locations/southamerica-east1/services/notifypartnermarkedactivity","timeoutSeconds":60,"environmentVariables":{"FIREBASE_CONFIG":"{\"projectId\":\"conexaocasal-18136\",\"storageBucket\":\"conexaocasal-18136.firebasestorage.app\"}","GCLOUD_PROJECT":"conexaocasal-18136","EVENTARC_CLOUD_EVENT_SOURCE":"projects/conexaocasal-18136/locations/southamerica-east1/services/notifyPartnerMarkedActivity","FUNCTION_REGION":"southamerica-east1","FUNCTION_SIGNATURE_TYPE":"cloudevent","FUNCTION_TARGET":"notifyPartnerMarkedActivity","LOG_EXECUTION_ID":"true"},"ingressSettings":"ALLOW_ALL","uri":"https://notifypartnermarkedactivity-defag5oeva-rj.a.run.app","serviceAccountEmail":"897168498579-compute@developer.gserviceaccount.com","availableMemory":"256Mi","allTrafficOnLatestRevision":true,"revision":"notifypartnermarkedactivity-00001-jan","maxInstanceRequestConcurrency":80,"availableCpu":"1"},"eventTrigger":{"trigger":"projects/conexaocasal-18136/locations/southamerica-east1/triggers/notifypartnermarkedactivity-397760","triggerRegion":"southamerica-east1","eventType":"google.cloud.firestore.document.v1.updated","eventFilters":[{"attribute":"database","value":"(default)"},{"attribute":"namespace","value":"(default)"},{"attribute":"document","value":"duomatches/{coupleId}/activities/{activityId}","operator":"match-path-pattern"}],"pubsubTopic":"projects/conexaocasal-18136/topics/eventarc-southamerica-east1-notifypartnermarkedactivity-397760-195","serviceAccountEmail":"897168498579-compute@developer.gserviceaccount.com","retryPolicy":"RETRY_POLICY_DO_NOT_RETRY"},"state":"ACTIVE","labels":{"deployment-tool":"cli-firebase","firebase-functions-hash":"04ecf204b3cda3275e7f7b6ae26372c6bbf96685"},"environment":"GEN_2","url":"https://southamerica-east1-conexaocasal-18136.cloudfunctions.net/notifyPartnerMarkedActivity","satisfiesPzs":true,"satisfiesPzi":true},"stages":[{"name":"BUILD","message":"Reusing build","state":"COMPLETE","resource":"projects/897168498579/locations/southamerica-east1/builds/1480892b-05b8-4768-8f38-ce35ffef87a5"},{"name":"SERVICE","message":"Updating Cloud Run service","state":"IN_PROGRESS","resource":"projects/conexaocasal-18136/locations/southamerica-east1/services/notifypartnermarkedactivity","resourceUri":"https://console.cloud.google.com/run/detail/southamerica-east1/notifypartnermarkedactivity?project=conexaocasal-18136","stateMessages":[{"severity":"INFO","type":"CloudRunServiceNewRevisionTrafficInfo","message":"A new revision will be deployed serving with 100% traffic."}]},{"name":"TRIGGER","state":"NOT_STARTED"}],"sourceToken":"Cl5wcm9qZWN0cy84OTcxNjg0OTg1NzkvbG9jYXRpb25zL3NvdXRoYW1lcmljYS1lYXN0MS9idWlsZHMvMTQ4MDg5MmItMDViOC00NzY4LThmMzgtY2UzNWZmZWY4N2E1EpkBc291dGhhbWVyaWNhLWVhc3QxLWRvY2tlci5wa2cuZGV2L2NvbmV4YW9jYXNhbC0xODEzNi9nY2YtYXJ0aWZhY3RzL2NvbmV4YW9jYXNhbC0tMTgxMzZfX3NvdXRoYW1lcmljYS0tZWFzdDFfX25vdGlmeV9wYXJ0bmVyX3NlbGVjdGVkX3N1Z2dlc3Rpb246dmVyc2lvbl8xGJO/o5uOGiJicHJvamVjdHMvY29uZXhhb2Nhc2FsLTE4MTM2L2xvY2F0aW9ucy9zb3V0aGFtZXJpY2EtZWFzdDEvZnVuY3Rpb25zL25vdGlmeVBhcnRuZXJTZWxlY3RlZFN1Z2dlc3Rpb24qDAjXu9zUBhCIx42AAjIIbm9kZWpzMjI6fQojZ2NyLmlvL2dhZS1ydW50aW1lcy9ub2RlanMyMjpzdGFibGUSVnNvdXRoYW1lcmljYS1lYXN0MS1kb2NrZXIucGtnLmRldi9zZXJ2ZXJsZXNzLXJ1bnRpbWVzL2dvb2dsZS0yMi1mdWxsL3J1bnRpbWVzL25vZGVqczIyQAE=","operationType":"UPDATE_FUNCTION","buildName":"projects/897168498579/locations/southamerica-east1/builds/1480892b-05b8-4768-8f38-ce35ffef87a5"},"done":false}
[debug] [2026-09-01T18:47:59.643Z] Got source token Cl5wcm9qZWN0cy84OTcxNjg0OTg1NzkvbG9jYXRpb25zL3NvdXRoYW1lcmljYS1lYXN0MS9idWlsZHMvMTQ4MDg5MmItMDViOC00NzY4LThmMzgtY2UzNWZmZWY4N2E1EpkBc291dGhhbWVyaWNhLWVhc3QxLWRvY2tlci5wa2cuZGV2L2NvbmV4YW9jYXNhbC0xODEzNi9nY2YtYXJ0aWZhY3RzL2NvbmV4YW9jYXNhbC0tMTgxMzZfX3NvdXRoYW1lcmljYS0tZWFzdDFfX25vdGlmeV9wYXJ0bmVyX3NlbGVjdGVkX3N1Z2dlc3Rpb246dmVyc2lvbl8xGJO/o5uOGiJicHJvamVjdHMvY29uZXhhb2Nhc2FsLTE4MTM2L2xvY2F0aW9ucy9zb3V0aGFtZXJpY2EtZWFzdDEvZnVuY3Rpb25zL25vdGlmeVBhcnRuZXJTZWxlY3RlZFN1Z2dlc3Rpb24qDAjXu9zUBhCIx42AAjIIbm9kZWpzMjI6fQojZ2NyLmlvL2dhZS1ydW50aW1lcy9ub2RlanMyMjpzdGFibGUSVnNvdXRoYW1lcmljYS1lYXN0MS1kb2NrZXIucGtnLmRldi9zZXJ2ZXJsZXNzLXJ1bnRpbWVzL2dvb2dsZS0yMi1mdWxsL3J1bnRpbWVzL25vZGVqczIyQAE= for region southamerica-east1
[debug] [2026-09-01T18:47:59.909Z] <<< [apiv2][status] GET https://cloudfunctions.googleapis.com/v2/projects/conexaocasal-18136/locations/southamerica-east1/operations/operation-1788288477935-65a705b7bb7f9-ab8092da-5cd79c2f 200
[debug] [2026-09-01T18:47:59.909Z] <<< [apiv2][body] GET https://cloudfunctions.googleapis.com/v2/projects/conexaocasal-18136/locations/southamerica-east1/operations/operation-1788288477935-65a705b7bb7f9-ab8092da-5cd79c2f {"name":"projects/conexaocasal-18136/locations/southamerica-east1/operations/operation-1788288477935-65a705b7bb7f9-ab8092da-5cd79c2f","metadata":{"@type":"type.googleapis.com/google.cloud.functions.v2.OperationMetadata","createTime":"2026-09-01T18:47:59.138647769Z","target":"projects/conexaocasal-18136/locations/southamerica-east1/functions/notifyPartnerCreatedChallenge","verb":"update","cancelRequested":false,"apiVersion":"v2","requestResource":{"@type":"type.googleapis.com/google.cloud.functions.v2.Function","name":"projects/conexaocasal-18136/locations/southamerica-east1/functions/notifyPartnerCreatedChallenge","buildConfig":{"runtime":"nodejs22","entryPoint":"notifyPartnerCreatedChallenge","source":{"storageSource":{"bucket":"gcf-v2-sources-897168498579-southamerica-east1","object":"notifyPartnerCreatedChallenge/function-source.zip","generation":"1788288479093825"}},"environmentVariables":{"GOOGLE_NODE_RUN_SCRIPTS":""},"dockerRepository":"projects/conexaocasal-18136/locations/southamerica-east1/repositories/gcf-artifacts","sourceProvenance":{"resolvedStorageSource":{"bucket":"gcf-v2-sources-897168498579-southamerica-east1","object":"notifyPartnerCreatedChallenge/function-source.zip","generation":"1788287044716667"}},"dockerRegistry":"ARTIFACT_REGISTRY","sourceToken":"Cl5wcm9qZWN0cy84OTcxNjg0OTg1NzkvbG9jYXRpb25zL3NvdXRoYW1lcmljYS1lYXN0MS9idWlsZHMvMTQ4MDg5MmItMDViOC00NzY4LThmMzgtY2UzNWZmZWY4N2E1EpkBc291dGhhbWVyaWNhLWVhc3QxLWRvY2tlci5wa2cuZGV2L2NvbmV4YW9jYXNhbC0xODEzNi9nY2YtYXJ0aWZhY3RzL2NvbmV4YW9jYXNhbC0tMTgxMzZfX3NvdXRoYW1lcmljYS0tZWFzdDFfX25vdGlmeV9wYXJ0bmVyX3NlbGVjdGVkX3N1Z2dlc3Rpb246dmVyc2lvbl8xGJO/o5uOGiJicHJvamVjdHMvY29uZXhhb2Nhc2FsLTE4MTM2L2xvY2F0aW9ucy9zb3V0aGFtZXJpY2EtZWFzdDEvZnVuY3Rpb25zL25vdGlmeVBhcnRuZXJTZWxlY3RlZFN1Z2dlc3Rpb24qDAjXu9zUBhCIx42AAjIIbm9kZWpzMjI6fQojZ2NyLmlvL2dhZS1ydW50aW1lcy9ub2RlanMyMjpzdGFibGUSVnNvdXRoYW1lcmljYS1lYXN0MS1kb2NrZXIucGtnLmRldi9zZXJ2ZXJsZXNzLXJ1bnRpbWVzL2dvb2dsZS0yMi1mdWxsL3J1bnRpbWVzL25vZGVqczIyQAE=","serviceAccount":"projects/conexaocasal-18136/serviceAccounts/897168498579-compute@developer.gserviceaccount.com","automaticUpdatePolicy":{}},"serviceConfig":{"service":"projects/conexaocasal-18136/locations/southamerica-east1/services/notifypartnercreatedchallenge","timeoutSeconds":60,"environmentVariables":{"FIREBASE_CONFIG":"{\"projectId\":\"conexaocasal-18136\",\"storageBucket\":\"conexaocasal-18136.firebasestorage.app\"}","GCLOUD_PROJECT":"conexaocasal-18136","EVENTARC_CLOUD_EVENT_SOURCE":"projects/conexaocasal-18136/locations/southamerica-east1/services/notifyPartnerCreatedChallenge","FUNCTION_REGION":"southamerica-east1","FUNCTION_SIGNATURE_TYPE":"cloudevent","FUNCTION_TARGET":"notifyPartnerCreatedChallenge","LOG_EXECUTION_ID":"true"},"ingressSettings":"ALLOW_ALL","uri":"https://notifypartnercreatedchallenge-defag5oeva-rj.a.run.app","serviceAccountEmail":"897168498579-compute@developer.gserviceaccount.com","availableMemory":"256Mi","allTrafficOnLatestRevision":true,"revision":"notifypartnercreatedchallenge-00001-zug","maxInstanceRequestConcurrency":80,"availableCpu":"1"},"eventTrigger":{"trigger":"projects/conexaocasal-18136/locations/southamerica-east1/triggers/notifypartnercreatedchallenge-953075","triggerRegion":"southamerica-east1","eventType":"google.cloud.firestore.document.v1.created","eventFilters":[{"attribute":"database","value":"(default)"},{"attribute":"namespace","value":"(default)"},{"attribute":"document","value":"duomatches/{coupleId}/activities/{activityId}","operator":"match-path-pattern"}],"pubsubTopic":"projects/conexaocasal-18136/topics/eventarc-southamerica-east1-notifypartnercreatedchallenge-953075-600","serviceAccountEmail":"897168498579-compute@developer.gserviceaccount.com","retryPolicy":"RETRY_POLICY_DO_NOT_RETRY"},"state":"ACTIVE","labels":{"deployment-tool":"cli-firebase","firebase-functions-hash":"04ecf204b3cda3275e7f7b6ae26372c6bbf96685"},"environment":"GEN_2","url":"https://southamerica-east1-conexaocasal-18136.cloudfunctions.net/notifyPartnerCreatedChallenge","satisfiesPzs":true,"satisfiesPzi":true},"stages":[{"name":"BUILD","message":"Reusing build","state":"COMPLETE","resource":"projects/897168498579/locations/southamerica-east1/builds/1480892b-05b8-4768-8f38-ce35ffef87a5"},{"name":"SERVICE","message":"Updating Cloud Run service","state":"IN_PROGRESS","resource":"projects/conexaocasal-18136/locations/southamerica-east1/services/notifypartnercreatedchallenge","resourceUri":"https://console.cloud.google.com/run/detail/southamerica-east1/notifypartnercreatedchallenge?project=conexaocasal-18136","stateMessages":[{"severity":"INFO","type":"CloudRunServiceNewRevisionTrafficInfo","message":"A new revision will be deployed serving with 100% traffic."}]},{"name":"TRIGGER","state":"NOT_STARTED"}],"sourceToken":"Cl5wcm9qZWN0cy84OTcxNjg0OTg1NzkvbG9jYXRpb25zL3NvdXRoYW1lcmljYS1lYXN0MS9idWlsZHMvMTQ4MDg5MmItMDViOC00NzY4LThmMzgtY2UzNWZmZWY4N2E1EpkBc291dGhhbWVyaWNhLWVhc3QxLWRvY2tlci5wa2cuZGV2L2NvbmV4YW9jYXNhbC0xODEzNi9nY2YtYXJ0aWZhY3RzL2NvbmV4YW9jYXNhbC0tMTgxMzZfX3NvdXRoYW1lcmljYS0tZWFzdDFfX25vdGlmeV9wYXJ0bmVyX3NlbGVjdGVkX3N1Z2dlc3Rpb246dmVyc2lvbl8xGJO/o5uOGiJicHJvamVjdHMvY29uZXhhb2Nhc2FsLTE4MTM2L2xvY2F0aW9ucy9zb3V0aGFtZXJpY2EtZWFzdDEvZnVuY3Rpb25zL25vdGlmeVBhcnRuZXJTZWxlY3RlZFN1Z2dlc3Rpb24qDAjXu9zUBhCIx42AAjIIbm9kZWpzMjI6fQojZ2NyLmlvL2dhZS1ydW50aW1lcy9ub2RlanMyMjpzdGFibGUSVnNvdXRoYW1lcmljYS1lYXN0MS1kb2NrZXIucGtnLmRldi9zZXJ2ZXJsZXNzLXJ1bnRpbWVzL2dvb2dsZS0yMi1mdWxsL3J1bnRpbWVzL25vZGVqczIyQAE=","operationType":"UPDATE_FUNCTION","buildName":"projects/897168498579/locations/southamerica-east1/builds/1480892b-05b8-4768-8f38-ce35ffef87a5"},"done":false}
[debug] [2026-09-01T18:47:59.909Z] Got source token Cl5wcm9qZWN0cy84OTcxNjg0OTg1NzkvbG9jYXRpb25zL3NvdXRoYW1lcmljYS1lYXN0MS9idWlsZHMvMTQ4MDg5MmItMDViOC00NzY4LThmMzgtY2UzNWZmZWY4N2E1EpkBc291dGhhbWVyaWNhLWVhc3QxLWRvY2tlci5wa2cuZGV2L2NvbmV4YW9jYXNhbC0xODEzNi9nY2YtYXJ0aWZhY3RzL2NvbmV4YW9jYXNhbC0tMTgxMzZfX3NvdXRoYW1lcmljYS0tZWFzdDFfX25vdGlmeV9wYXJ0bmVyX3NlbGVjdGVkX3N1Z2dlc3Rpb246dmVyc2lvbl8xGJO/o5uOGiJicHJvamVjdHMvY29uZXhhb2Nhc2FsLTE4MTM2L2xvY2F0aW9ucy9zb3V0aGFtZXJpY2EtZWFzdDEvZnVuY3Rpb25zL25vdGlmeVBhcnRuZXJTZWxlY3RlZFN1Z2dlc3Rpb24qDAjXu9zUBhCIx42AAjIIbm9kZWpzMjI6fQojZ2NyLmlvL2dhZS1ydW50aW1lcy9ub2RlanMyMjpzdGFibGUSVnNvdXRoYW1lcmljYS1lYXN0MS1kb2NrZXIucGtnLmRldi9zZXJ2ZXJsZXNzLXJ1bnRpbWVzL2dvb2dsZS0yMi1mdWxsL3J1bnRpbWVzL25vZGVqczIyQAE= for region southamerica-east1
[debug] [2026-09-01T18:48:00.646Z] [update-default-southamerica-east1-notifyPartnerMarkedActivity] Retrying task index 0
[debug] [2026-09-01T18:48:00.647Z] Checked if tokens are valid: true, expires at: 1788290037941
[debug] [2026-09-01T18:48:00.647Z] Checked if tokens are valid: true, expires at: 1788290037941
[debug] [2026-09-01T18:48:00.647Z] >>> [apiv2][query] GET https://cloudfunctions.googleapis.com/v2/projects/conexaocasal-18136/locations/southamerica-east1/operations/operation-1788288477538-65a705b75a9b5-047efb14-9b00018c [none]
[debug] [2026-09-01T18:48:00.917Z] [update-default-southamerica-east1-notifyPartnerCreatedChallenge] Retrying task index 0
[debug] [2026-09-01T18:48:00.918Z] Checked if tokens are valid: true, expires at: 1788290037941
[debug] [2026-09-01T18:48:00.919Z] Checked if tokens are valid: true, expires at: 1788290037941
[debug] [2026-09-01T18:48:00.919Z] >>> [apiv2][query] GET https://cloudfunctions.googleapis.com/v2/projects/conexaocasal-18136/locations/southamerica-east1/operations/operation-1788288477935-65a705b7bb7f9-ab8092da-5cd79c2f [none]
[debug] [2026-09-01T18:48:01.129Z] <<< [apiv2][status] GET https://cloudfunctions.googleapis.com/v2/projects/conexaocasal-18136/locations/southamerica-east1/operations/operation-1788288477538-65a705b75a9b5-047efb14-9b00018c 200
[debug] [2026-09-01T18:48:01.129Z] <<< [apiv2][body] GET https://cloudfunctions.googleapis.com/v2/projects/conexaocasal-18136/locations/southamerica-east1/operations/operation-1788288477538-65a705b75a9b5-047efb14-9b00018c {"name":"projects/conexaocasal-18136/locations/southamerica-east1/operations/operation-1788288477538-65a705b75a9b5-047efb14-9b00018c","metadata":{"@type":"type.googleapis.com/google.cloud.functions.v2.OperationMetadata","createTime":"2026-09-01T18:47:58.795209968Z","target":"projects/conexaocasal-18136/locations/southamerica-east1/functions/notifyPartnerMarkedActivity","verb":"update","cancelRequested":false,"apiVersion":"v2","requestResource":{"@type":"type.googleapis.com/google.cloud.functions.v2.Function","name":"projects/conexaocasal-18136/locations/southamerica-east1/functions/notifyPartnerMarkedActivity","buildConfig":{"runtime":"nodejs22","entryPoint":"notifyPartnerMarkedActivity","source":{"storageSource":{"bucket":"gcf-v2-sources-897168498579-southamerica-east1","object":"notifyPartnerMarkedActivity/function-source.zip","generation":"1788288478753446"}},"environmentVariables":{"GOOGLE_NODE_RUN_SCRIPTS":""},"dockerRepository":"projects/conexaocasal-18136/locations/southamerica-east1/repositories/gcf-artifacts","sourceProvenance":{"resolvedStorageSource":{"bucket":"gcf-v2-sources-897168498579-southamerica-east1","object":"notifyPartnerMarkedActivity/function-source.zip","generation":"1788286982073099"}},"dockerRegistry":"ARTIFACT_REGISTRY","sourceToken":"Cl5wcm9qZWN0cy84OTcxNjg0OTg1NzkvbG9jYXRpb25zL3NvdXRoYW1lcmljYS1lYXN0MS9idWlsZHMvMTQ4MDg5MmItMDViOC00NzY4LThmMzgtY2UzNWZmZWY4N2E1EpkBc291dGhhbWVyaWNhLWVhc3QxLWRvY2tlci5wa2cuZGV2L2NvbmV4YW9jYXNhbC0xODEzNi9nY2YtYXJ0aWZhY3RzL2NvbmV4YW9jYXNhbC0tMTgxMzZfX3NvdXRoYW1lcmljYS0tZWFzdDFfX25vdGlmeV9wYXJ0bmVyX3NlbGVjdGVkX3N1Z2dlc3Rpb246dmVyc2lvbl8xGJO/o5uOGiJicHJvamVjdHMvY29uZXhhb2Nhc2FsLTE4MTM2L2xvY2F0aW9ucy9zb3V0aGFtZXJpY2EtZWFzdDEvZnVuY3Rpb25zL25vdGlmeVBhcnRuZXJTZWxlY3RlZFN1Z2dlc3Rpb24qDAjXu9zUBhCIx42AAjIIbm9kZWpzMjI6fQojZ2NyLmlvL2dhZS1ydW50aW1lcy9ub2RlanMyMjpzdGFibGUSVnNvdXRoYW1lcmljYS1lYXN0MS1kb2NrZXIucGtnLmRldi9zZXJ2ZXJsZXNzLXJ1bnRpbWVzL2dvb2dsZS0yMi1mdWxsL3J1bnRpbWVzL25vZGVqczIyQAE=","serviceAccount":"projects/conexaocasal-18136/serviceAccounts/897168498579-compute@developer.gserviceaccount.com","automaticUpdatePolicy":{}},"serviceConfig":{"service":"projects/conexaocasal-18136/locations/southamerica-east1/services/notifypartnermarkedactivity","timeoutSeconds":60,"environmentVariables":{"FIREBASE_CONFIG":"{\"projectId\":\"conexaocasal-18136\",\"storageBucket\":\"conexaocasal-18136.firebasestorage.app\"}","GCLOUD_PROJECT":"conexaocasal-18136","EVENTARC_CLOUD_EVENT_SOURCE":"projects/conexaocasal-18136/locations/southamerica-east1/services/notifyPartnerMarkedActivity","FUNCTION_REGION":"southamerica-east1","FUNCTION_SIGNATURE_TYPE":"cloudevent","FUNCTION_TARGET":"notifyPartnerMarkedActivity","LOG_EXECUTION_ID":"true"},"ingressSettings":"ALLOW_ALL","uri":"https://notifypartnermarkedactivity-defag5oeva-rj.a.run.app","serviceAccountEmail":"897168498579-compute@developer.gserviceaccount.com","availableMemory":"256Mi","allTrafficOnLatestRevision":true,"revision":"notifypartnermarkedactivity-00001-jan","maxInstanceRequestConcurrency":80,"availableCpu":"1"},"eventTrigger":{"trigger":"projects/conexaocasal-18136/locations/southamerica-east1/triggers/notifypartnermarkedactivity-397760","triggerRegion":"southamerica-east1","eventType":"google.cloud.firestore.document.v1.updated","eventFilters":[{"attribute":"database","value":"(default)"},{"attribute":"namespace","value":"(default)"},{"attribute":"document","value":"duomatches/{coupleId}/activities/{activityId}","operator":"match-path-pattern"}],"pubsubTopic":"projects/conexaocasal-18136/topics/eventarc-southamerica-east1-notifypartnermarkedactivity-397760-195","serviceAccountEmail":"897168498579-compute@developer.gserviceaccount.com","retryPolicy":"RETRY_POLICY_DO_NOT_RETRY"},"state":"ACTIVE","labels":{"deployment-tool":"cli-firebase","firebase-functions-hash":"04ecf204b3cda3275e7f7b6ae26372c6bbf96685"},"environment":"GEN_2","url":"https://southamerica-east1-conexaocasal-18136.cloudfunctions.net/notifyPartnerMarkedActivity","satisfiesPzs":true,"satisfiesPzi":true},"stages":[{"name":"BUILD","message":"Reusing build","state":"COMPLETE","resource":"projects/897168498579/locations/southamerica-east1/builds/1480892b-05b8-4768-8f38-ce35ffef87a5"},{"name":"SERVICE","message":"Updating Cloud Run service","state":"IN_PROGRESS","resource":"projects/conexaocasal-18136/locations/southamerica-east1/services/notifypartnermarkedactivity","resourceUri":"https://console.cloud.google.com/run/detail/southamerica-east1/notifypartnermarkedactivity?project=conexaocasal-18136","stateMessages":[{"severity":"INFO","type":"CloudRunServiceNewRevisionTrafficInfo","message":"A new revision will be deployed serving with 100% traffic."}]},{"name":"TRIGGER","state":"NOT_STARTED"}],"sourceToken":"Cl5wcm9qZWN0cy84OTcxNjg0OTg1NzkvbG9jYXRpb25zL3NvdXRoYW1lcmljYS1lYXN0MS9idWlsZHMvMTQ4MDg5MmItMDViOC00NzY4LThmMzgtY2UzNWZmZWY4N2E1EpkBc291dGhhbWVyaWNhLWVhc3QxLWRvY2tlci5wa2cuZGV2L2NvbmV4YW9jYXNhbC0xODEzNi9nY2YtYXJ0aWZhY3RzL2NvbmV4YW9jYXNhbC0tMTgxMzZfX3NvdXRoYW1lcmljYS0tZWFzdDFfX25vdGlmeV9wYXJ0bmVyX3NlbGVjdGVkX3N1Z2dlc3Rpb246dmVyc2lvbl8xGJO/o5uOGiJicHJvamVjdHMvY29uZXhhb2Nhc2FsLTE4MTM2L2xvY2F0aW9ucy9zb3V0aGFtZXJpY2EtZWFzdDEvZnVuY3Rpb25zL25vdGlmeVBhcnRuZXJTZWxlY3RlZFN1Z2dlc3Rpb24qDAjXu9zUBhCIx42AAjIIbm9kZWpzMjI6fQojZ2NyLmlvL2dhZS1ydW50aW1lcy9ub2RlanMyMjpzdGFibGUSVnNvdXRoYW1lcmljYS1lYXN0MS1kb2NrZXIucGtnLmRldi9zZXJ2ZXJsZXNzLXJ1bnRpbWVzL2dvb2dsZS0yMi1mdWxsL3J1bnRpbWVzL25vZGVqczIyQAE=","operationType":"UPDATE_FUNCTION","buildName":"projects/897168498579/locations/southamerica-east1/builds/1480892b-05b8-4768-8f38-ce35ffef87a5"},"done":false}
[debug] [2026-09-01T18:48:01.129Z] Got source token Cl5wcm9qZWN0cy84OTcxNjg0OTg1NzkvbG9jYXRpb25zL3NvdXRoYW1lcmljYS1lYXN0MS9idWlsZHMvMTQ4MDg5MmItMDViOC00NzY4LThmMzgtY2UzNWZmZWY4N2E1EpkBc291dGhhbWVyaWNhLWVhc3QxLWRvY2tlci5wa2cuZGV2L2NvbmV4YW9jYXNhbC0xODEzNi9nY2YtYXJ0aWZhY3RzL2NvbmV4YW9jYXNhbC0tMTgxMzZfX3NvdXRoYW1lcmljYS0tZWFzdDFfX25vdGlmeV9wYXJ0bmVyX3NlbGVjdGVkX3N1Z2dlc3Rpb246dmVyc2lvbl8xGJO/o5uOGiJicHJvamVjdHMvY29uZXhhb2Nhc2FsLTE4MTM2L2xvY2F0aW9ucy9zb3V0aGFtZXJpY2EtZWFzdDEvZnVuY3Rpb25zL25vdGlmeVBhcnRuZXJTZWxlY3RlZFN1Z2dlc3Rpb24qDAjXu9zUBhCIx42AAjIIbm9kZWpzMjI6fQojZ2NyLmlvL2dhZS1ydW50aW1lcy9ub2RlanMyMjpzdGFibGUSVnNvdXRoYW1lcmljYS1lYXN0MS1kb2NrZXIucGtnLmRldi9zZXJ2ZXJsZXNzLXJ1bnRpbWVzL2dvb2dsZS0yMi1mdWxsL3J1bnRpbWVzL25vZGVqczIyQAE= for region southamerica-east1
[debug] [2026-09-01T18:48:01.152Z] <<< [apiv2][status] GET https://cloudfunctions.googleapis.com/v2/projects/conexaocasal-18136/locations/southamerica-east1/operations/operation-1788288477935-65a705b7bb7f9-ab8092da-5cd79c2f 200
[debug] [2026-09-01T18:48:01.152Z] <<< [apiv2][body] GET https://cloudfunctions.googleapis.com/v2/projects/conexaocasal-18136/locations/southamerica-east1/operations/operation-1788288477935-65a705b7bb7f9-ab8092da-5cd79c2f {"name":"projects/conexaocasal-18136/locations/southamerica-east1/operations/operation-1788288477935-65a705b7bb7f9-ab8092da-5cd79c2f","metadata":{"@type":"type.googleapis.com/google.cloud.functions.v2.OperationMetadata","createTime":"2026-09-01T18:47:59.138647769Z","target":"projects/conexaocasal-18136/locations/southamerica-east1/functions/notifyPartnerCreatedChallenge","verb":"update","cancelRequested":false,"apiVersion":"v2","requestResource":{"@type":"type.googleapis.com/google.cloud.functions.v2.Function","name":"projects/conexaocasal-18136/locations/southamerica-east1/functions/notifyPartnerCreatedChallenge","buildConfig":{"runtime":"nodejs22","entryPoint":"notifyPartnerCreatedChallenge","source":{"storageSource":{"bucket":"gcf-v2-sources-897168498579-southamerica-east1","object":"notifyPartnerCreatedChallenge/function-source.zip","generation":"1788288479093825"}},"environmentVariables":{"GOOGLE_NODE_RUN_SCRIPTS":""},"dockerRepository":"projects/conexaocasal-18136/locations/southamerica-east1/repositories/gcf-artifacts","sourceProvenance":{"resolvedStorageSource":{"bucket":"gcf-v2-sources-897168498579-southamerica-east1","object":"notifyPartnerCreatedChallenge/function-source.zip","generation":"1788287044716667"}},"dockerRegistry":"ARTIFACT_REGISTRY","sourceToken":"Cl5wcm9qZWN0cy84OTcxNjg0OTg1NzkvbG9jYXRpb25zL3NvdXRoYW1lcmljYS1lYXN0MS9idWlsZHMvMTQ4MDg5MmItMDViOC00NzY4LThmMzgtY2UzNWZmZWY4N2E1EpkBc291dGhhbWVyaWNhLWVhc3QxLWRvY2tlci5wa2cuZGV2L2NvbmV4YW9jYXNhbC0xODEzNi9nY2YtYXJ0aWZhY3RzL2NvbmV4YW9jYXNhbC0tMTgxMzZfX3NvdXRoYW1lcmljYS0tZWFzdDFfX25vdGlmeV9wYXJ0bmVyX3NlbGVjdGVkX3N1Z2dlc3Rpb246dmVyc2lvbl8xGJO/o5uOGiJicHJvamVjdHMvY29uZXhhb2Nhc2FsLTE4MTM2L2xvY2F0aW9ucy9zb3V0aGFtZXJpY2EtZWFzdDEvZnVuY3Rpb25zL25vdGlmeVBhcnRuZXJTZWxlY3RlZFN1Z2dlc3Rpb24qDAjXu9zUBhCIx42AAjIIbm9kZWpzMjI6fQojZ2NyLmlvL2dhZS1ydW50aW1lcy9ub2RlanMyMjpzdGFibGUSVnNvdXRoYW1lcmljYS1lYXN0MS1kb2NrZXIucGtnLmRldi9zZXJ2ZXJsZXNzLXJ1bnRpbWVzL2dvb2dsZS0yMi1mdWxsL3J1bnRpbWVzL25vZGVqczIyQAE=","serviceAccount":"projects/conexaocasal-18136/serviceAccounts/897168498579-compute@developer.gserviceaccount.com","automaticUpdatePolicy":{}},"serviceConfig":{"service":"projects/conexaocasal-18136/locations/southamerica-east1/services/notifypartnercreatedchallenge","timeoutSeconds":60,"environmentVariables":{"FIREBASE_CONFIG":"{\"projectId\":\"conexaocasal-18136\",\"storageBucket\":\"conexaocasal-18136.firebasestorage.app\"}","GCLOUD_PROJECT":"conexaocasal-18136","EVENTARC_CLOUD_EVENT_SOURCE":"projects/conexaocasal-18136/locations/southamerica-east1/services/notifyPartnerCreatedChallenge","FUNCTION_REGION":"southamerica-east1","FUNCTION_SIGNATURE_TYPE":"cloudevent","FUNCTION_TARGET":"notifyPartnerCreatedChallenge","LOG_EXECUTION_ID":"true"},"ingressSettings":"ALLOW_ALL","uri":"https://notifypartnercreatedchallenge-defag5oeva-rj.a.run.app","serviceAccountEmail":"897168498579-compute@developer.gserviceaccount.com","availableMemory":"256Mi","allTrafficOnLatestRevision":true,"revision":"notifypartnercreatedchallenge-00001-zug","maxInstanceRequestConcurrency":80,"availableCpu":"1"},"eventTrigger":{"trigger":"projects/conexaocasal-18136/locations/southamerica-east1/triggers/notifypartnercreatedchallenge-953075","triggerRegion":"southamerica-east1","eventType":"google.cloud.firestore.document.v1.created","eventFilters":[{"attribute":"database","value":"(default)"},{"attribute":"namespace","value":"(default)"},{"attribute":"document","value":"duomatches/{coupleId}/activities/{activityId}","operator":"match-path-pattern"}],"pubsubTopic":"projects/conexaocasal-18136/topics/eventarc-southamerica-east1-notifypartnercreatedchallenge-953075-600","serviceAccountEmail":"897168498579-compute@developer.gserviceaccount.com","retryPolicy":"RETRY_POLICY_DO_NOT_RETRY"},"state":"ACTIVE","labels":{"deployment-tool":"cli-firebase","firebase-functions-hash":"04ecf204b3cda3275e7f7b6ae26372c6bbf96685"},"environment":"GEN_2","url":"https://southamerica-east1-conexaocasal-18136.cloudfunctions.net/notifyPartnerCreatedChallenge","satisfiesPzs":true,"satisfiesPzi":true},"stages":[{"name":"BUILD","message":"Reusing build","state":"COMPLETE","resource":"projects/897168498579/locations/southamerica-east1/builds/1480892b-05b8-4768-8f38-ce35ffef87a5"},{"name":"SERVICE","message":"Updating Cloud Run service","state":"IN_PROGRESS","resource":"projects/conexaocasal-18136/locations/southamerica-east1/services/notifypartnercreatedchallenge","resourceUri":"https://console.cloud.google.com/run/detail/southamerica-east1/notifypartnercreatedchallenge?project=conexaocasal-18136","stateMessages":[{"severity":"INFO","type":"CloudRunServiceNewRevisionTrafficInfo","message":"A new revision will be deployed serving with 100% traffic."}]},{"name":"TRIGGER","state":"NOT_STARTED"}],"sourceToken":"Cl5wcm9qZWN0cy84OTcxNjg0OTg1NzkvbG9jYXRpb25zL3NvdXRoYW1lcmljYS1lYXN0MS9idWlsZHMvMTQ4MDg5MmItMDViOC00NzY4LThmMzgtY2UzNWZmZWY4N2E1EpkBc291dGhhbWVyaWNhLWVhc3QxLWRvY2tlci5wa2cuZGV2L2NvbmV4YW9jYXNhbC0xODEzNi9nY2YtYXJ0aWZhY3RzL2NvbmV4YW9jYXNhbC0tMTgxMzZfX3NvdXRoYW1lcmljYS0tZWFzdDFfX25vdGlmeV9wYXJ0bmVyX3NlbGVjdGVkX3N1Z2dlc3Rpb246dmVyc2lvbl8xGJO/o5uOGiJicHJvamVjdHMvY29uZXhhb2Nhc2FsLTE4MTM2L2xvY2F0aW9ucy9zb3V0aGFtZXJpY2EtZWFzdDEvZnVuY3Rpb25zL25vdGlmeVBhcnRuZXJTZWxlY3RlZFN1Z2dlc3Rpb24qDAjXu9zUBhCIx42AAjIIbm9kZWpzMjI6fQojZ2NyLmlvL2dhZS1ydW50aW1lcy9ub2RlanMyMjpzdGFibGUSVnNvdXRoYW1lcmljYS1lYXN0MS1kb2NrZXIucGtnLmRldi9zZXJ2ZXJsZXNzLXJ1bnRpbWVzL2dvb2dsZS0yMi1mdWxsL3J1bnRpbWVzL25vZGVqczIyQAE=","operationType":"UPDATE_FUNCTION","buildName":"projects/897168498579/locations/southamerica-east1/builds/1480892b-05b8-4768-8f38-ce35ffef87a5"},"done":false}
[debug] [2026-09-01T18:48:01.152Z] Got source token Cl5wcm9qZWN0cy84OTcxNjg0OTg1NzkvbG9jYXRpb25zL3NvdXRoYW1lcmljYS1lYXN0MS9idWlsZHMvMTQ4MDg5MmItMDViOC00NzY4LThmMzgtY2UzNWZmZWY4N2E1EpkBc291dGhhbWVyaWNhLWVhc3QxLWRvY2tlci5wa2cuZGV2L2NvbmV4YW9jYXNhbC0xODEzNi9nY2YtYXJ0aWZhY3RzL2NvbmV4YW9jYXNhbC0tMTgxMzZfX3NvdXRoYW1lcmljYS0tZWFzdDFfX25vdGlmeV9wYXJ0bmVyX3NlbGVjdGVkX3N1Z2dlc3Rpb246dmVyc2lvbl8xGJO/o5uOGiJicHJvamVjdHMvY29uZXhhb2Nhc2FsLTE4MTM2L2xvY2F0aW9ucy9zb3V0aGFtZXJpY2EtZWFzdDEvZnVuY3Rpb25zL25vdGlmeVBhcnRuZXJTZWxlY3RlZFN1Z2dlc3Rpb24qDAjXu9zUBhCIx42AAjIIbm9kZWpzMjI6fQojZ2NyLmlvL2dhZS1ydW50aW1lcy9ub2RlanMyMjpzdGFibGUSVnNvdXRoYW1lcmljYS1lYXN0MS1kb2NrZXIucGtnLmRldi9zZXJ2ZXJsZXNzLXJ1bnRpbWVzL2dvb2dsZS0yMi1mdWxsL3J1bnRpbWVzL25vZGVqczIyQAE= for region southamerica-east1
[debug] [2026-09-01T18:48:02.393Z] [update-default-us-central1-dailyReminder] Retrying task index 0
[debug] [2026-09-01T18:48:02.394Z] Checked if tokens are valid: true, expires at: 1788290037941
[debug] [2026-09-01T18:48:02.394Z] Checked if tokens are valid: true, expires at: 1788290037941
[debug] [2026-09-01T18:48:02.394Z] >>> [apiv2][query] GET https://cloudfunctions.googleapis.com/v2/projects/conexaocasal-18136/locations/us-central1/operations/operation-1788288427744-65a70587ddb60-50a577ac-e534fef6 [none]
[debug] [2026-09-01T18:48:03.133Z] [update-default-southamerica-east1-notifyPartnerMarkedActivity] Retrying task index 0
[debug] [2026-09-01T18:48:03.134Z] Checked if tokens are valid: true, expires at: 1788290037941
[debug] [2026-09-01T18:48:03.134Z] Checked if tokens are valid: true, expires at: 1788290037941
[debug] [2026-09-01T18:48:03.134Z] >>> [apiv2][query] GET https://cloudfunctions.googleapis.com/v2/projects/conexaocasal-18136/locations/southamerica-east1/operations/operation-1788288477538-65a705b75a9b5-047efb14-9b00018c [none]
[debug] [2026-09-01T18:48:03.164Z] [update-default-southamerica-east1-notifyPartnerCreatedChallenge] Retrying task index 0
[debug] [2026-09-01T18:48:03.164Z] Checked if tokens are valid: true, expires at: 1788290037941
[debug] [2026-09-01T18:48:03.164Z] Checked if tokens are valid: true, expires at: 1788290037941
[debug] [2026-09-01T18:48:03.164Z] >>> [apiv2][query] GET https://cloudfunctions.googleapis.com/v2/projects/conexaocasal-18136/locations/southamerica-east1/operations/operation-1788288477935-65a705b7bb7f9-ab8092da-5cd79c2f [none]
[debug] [2026-09-01T18:48:03.395Z] <<< [apiv2][status] GET https://cloudfunctions.googleapis.com/v2/projects/conexaocasal-18136/locations/us-central1/operations/operation-1788288427744-65a70587ddb60-50a577ac-e534fef6 200
[debug] [2026-09-01T18:48:03.396Z] <<< [apiv2][body] GET https://cloudfunctions.googleapis.com/v2/projects/conexaocasal-18136/locations/us-central1/operations/operation-1788288427744-65a70587ddb60-50a577ac-e534fef6 {"name":"projects/conexaocasal-18136/locations/us-central1/operations/operation-1788288427744-65a70587ddb60-50a577ac-e534fef6","metadata":{"@type":"type.googleapis.com/google.cloud.functions.v2.OperationMetadata","createTime":"2026-09-01T18:47:09.705774043Z","target":"projects/conexaocasal-18136/locations/us-central1/functions/dailyReminder","verb":"update","cancelRequested":false,"apiVersion":"v2","requestResource":{"@type":"type.googleapis.com/google.cloud.functions.v2.Function","name":"projects/conexaocasal-18136/locations/us-central1/functions/dailyReminder","buildConfig":{"runtime":"nodejs22","entryPoint":"dailyReminder","source":{"storageSource":{"bucket":"gcf-v2-sources-897168498579-us-central1","object":"dailyReminder/function-source.zip","generation":"1788288429602812"}},"environmentVariables":{"GOOGLE_NODE_RUN_SCRIPTS":""},"dockerRepository":"projects/conexaocasal-18136/locations/us-central1/repositories/gcf-artifacts","sourceProvenance":{"resolvedStorageSource":{"bucket":"gcf-v2-sources-897168498579-us-central1","object":"dailyReminder/function-source.zip","generation":"1788286982199973"}},"dockerRegistry":"ARTIFACT_REGISTRY","serviceAccount":"projects/conexaocasal-18136/serviceAccounts/897168498579-compute@developer.gserviceaccount.com","automaticUpdatePolicy":{}},"serviceConfig":{"service":"projects/conexaocasal-18136/locations/us-central1/services/dailyreminder","timeoutSeconds":60,"environmentVariables":{"FIREBASE_CONFIG":"{\"projectId\":\"conexaocasal-18136\",\"storageBucket\":\"conexaocasal-18136.firebasestorage.app\"}","GCLOUD_PROJECT":"conexaocasal-18136","EVENTARC_CLOUD_EVENT_SOURCE":"projects/conexaocasal-18136/locations/us-central1/services/dailyReminder","FUNCTION_REGION":"us-central1","FUNCTION_TARGET":"dailyReminder","LOG_EXECUTION_ID":"true"},"ingressSettings":"ALLOW_ALL","uri":"https://dailyreminder-defag5oeva-uc.a.run.app","serviceAccountEmail":"897168498579-compute@developer.gserviceaccount.com","availableMemory":"256Mi","allTrafficOnLatestRevision":true,"revision":"dailyreminder-00002-cim","maxInstanceRequestConcurrency":80,"availableCpu":"1"},"state":"ACTIVE","labels":{"deployment-tool":"cli-firebase","deployment-scheduled":"true","firebase-functions-hash":"04ecf204b3cda3275e7f7b6ae26372c6bbf96685"},"environment":"GEN_2","url":"https://us-central1-conexaocasal-18136.cloudfunctions.net/dailyReminder","satisfiesPzi":true},"stages":[{"name":"BUILD","message":"Build in progress","state":"IN_PROGRESS","resource":"projects/897168498579/locations/us-central1/builds/6f27d92e-1685-42dc-b387-0e7ce6b19c6a","resourceUri":"https://console.cloud.google.com/cloud-build/builds;region=us-central1/6f27d92e-1685-42dc-b387-0e7ce6b19c6a?project=897168498579"},{"name":"SERVICE","state":"NOT_STARTED"}],"operationType":"UPDATE_FUNCTION","buildName":"projects/897168498579/locations/us-central1/builds/6f27d92e-1685-42dc-b387-0e7ce6b19c6a"},"done":false}
[debug] [2026-09-01T18:48:03.407Z] <<< [apiv2][status] GET https://cloudfunctions.googleapis.com/v2/projects/conexaocasal-18136/locations/southamerica-east1/operations/operation-1788288477538-65a705b75a9b5-047efb14-9b00018c 200
[debug] [2026-09-01T18:48:03.407Z] <<< [apiv2][body] GET https://cloudfunctions.googleapis.com/v2/projects/conexaocasal-18136/locations/southamerica-east1/operations/operation-1788288477538-65a705b75a9b5-047efb14-9b00018c {"name":"projects/conexaocasal-18136/locations/southamerica-east1/operations/operation-1788288477538-65a705b75a9b5-047efb14-9b00018c","metadata":{"@type":"type.googleapis.com/google.cloud.functions.v2.OperationMetadata","createTime":"2026-09-01T18:47:58.795209968Z","target":"projects/conexaocasal-18136/locations/southamerica-east1/functions/notifyPartnerMarkedActivity","verb":"update","cancelRequested":false,"apiVersion":"v2","requestResource":{"@type":"type.googleapis.com/google.cloud.functions.v2.Function","name":"projects/conexaocasal-18136/locations/southamerica-east1/functions/notifyPartnerMarkedActivity","buildConfig":{"runtime":"nodejs22","entryPoint":"notifyPartnerMarkedActivity","source":{"storageSource":{"bucket":"gcf-v2-sources-897168498579-southamerica-east1","object":"notifyPartnerMarkedActivity/function-source.zip","generation":"1788288478753446"}},"environmentVariables":{"GOOGLE_NODE_RUN_SCRIPTS":""},"dockerRepository":"projects/conexaocasal-18136/locations/southamerica-east1/repositories/gcf-artifacts","sourceProvenance":{"resolvedStorageSource":{"bucket":"gcf-v2-sources-897168498579-southamerica-east1","object":"notifyPartnerMarkedActivity/function-source.zip","generation":"1788286982073099"}},"dockerRegistry":"ARTIFACT_REGISTRY","sourceToken":"Cl5wcm9qZWN0cy84OTcxNjg0OTg1NzkvbG9jYXRpb25zL3NvdXRoYW1lcmljYS1lYXN0MS9idWlsZHMvMTQ4MDg5MmItMDViOC00NzY4LThmMzgtY2UzNWZmZWY4N2E1EpkBc291dGhhbWVyaWNhLWVhc3QxLWRvY2tlci5wa2cuZGV2L2NvbmV4YW9jYXNhbC0xODEzNi9nY2YtYXJ0aWZhY3RzL2NvbmV4YW9jYXNhbC0tMTgxMzZfX3NvdXRoYW1lcmljYS0tZWFzdDFfX25vdGlmeV9wYXJ0bmVyX3NlbGVjdGVkX3N1Z2dlc3Rpb246dmVyc2lvbl8xGJO/o5uOGiJicHJvamVjdHMvY29uZXhhb2Nhc2FsLTE4MTM2L2xvY2F0aW9ucy9zb3V0aGFtZXJpY2EtZWFzdDEvZnVuY3Rpb25zL25vdGlmeVBhcnRuZXJTZWxlY3RlZFN1Z2dlc3Rpb24qDAjXu9zUBhCIx42AAjIIbm9kZWpzMjI6fQojZ2NyLmlvL2dhZS1ydW50aW1lcy9ub2RlanMyMjpzdGFibGUSVnNvdXRoYW1lcmljYS1lYXN0MS1kb2NrZXIucGtnLmRldi9zZXJ2ZXJsZXNzLXJ1bnRpbWVzL2dvb2dsZS0yMi1mdWxsL3J1bnRpbWVzL25vZGVqczIyQAE=","serviceAccount":"projects/conexaocasal-18136/serviceAccounts/897168498579-compute@developer.gserviceaccount.com","automaticUpdatePolicy":{}},"serviceConfig":{"service":"projects/conexaocasal-18136/locations/southamerica-east1/services/notifypartnermarkedactivity","timeoutSeconds":60,"environmentVariables":{"FIREBASE_CONFIG":"{\"projectId\":\"conexaocasal-18136\",\"storageBucket\":\"conexaocasal-18136.firebasestorage.app\"}","GCLOUD_PROJECT":"conexaocasal-18136","EVENTARC_CLOUD_EVENT_SOURCE":"projects/conexaocasal-18136/locations/southamerica-east1/services/notifyPartnerMarkedActivity","FUNCTION_REGION":"southamerica-east1","FUNCTION_SIGNATURE_TYPE":"cloudevent","FUNCTION_TARGET":"notifyPartnerMarkedActivity","LOG_EXECUTION_ID":"true"},"ingressSettings":"ALLOW_ALL","uri":"https://notifypartnermarkedactivity-defag5oeva-rj.a.run.app","serviceAccountEmail":"897168498579-compute@developer.gserviceaccount.com","availableMemory":"256Mi","allTrafficOnLatestRevision":true,"revision":"notifypartnermarkedactivity-00001-jan","maxInstanceRequestConcurrency":80,"availableCpu":"1"},"eventTrigger":{"trigger":"projects/conexaocasal-18136/locations/southamerica-east1/triggers/notifypartnermarkedactivity-397760","triggerRegion":"southamerica-east1","eventType":"google.cloud.firestore.document.v1.updated","eventFilters":[{"attribute":"database","value":"(default)"},{"attribute":"namespace","value":"(default)"},{"attribute":"document","value":"duomatches/{coupleId}/activities/{activityId}","operator":"match-path-pattern"}],"pubsubTopic":"projects/conexaocasal-18136/topics/eventarc-southamerica-east1-notifypartnermarkedactivity-397760-195","serviceAccountEmail":"897168498579-compute@developer.gserviceaccount.com","retryPolicy":"RETRY_POLICY_DO_NOT_RETRY"},"state":"ACTIVE","labels":{"deployment-tool":"cli-firebase","firebase-functions-hash":"04ecf204b3cda3275e7f7b6ae26372c6bbf96685"},"environment":"GEN_2","url":"https://southamerica-east1-conexaocasal-18136.cloudfunctions.net/notifyPartnerMarkedActivity","satisfiesPzs":true,"satisfiesPzi":true},"stages":[{"name":"BUILD","message":"Reusing build","state":"COMPLETE","resource":"projects/897168498579/locations/southamerica-east1/builds/1480892b-05b8-4768-8f38-ce35ffef87a5"},{"name":"SERVICE","message":"Updating Cloud Run service","state":"IN_PROGRESS","resource":"projects/conexaocasal-18136/locations/southamerica-east1/services/notifypartnermarkedactivity","resourceUri":"https://console.cloud.google.com/run/detail/southamerica-east1/notifypartnermarkedactivity?project=conexaocasal-18136","stateMessages":[{"severity":"INFO","type":"CloudRunServiceNewRevisionTrafficInfo","message":"A new revision will be deployed serving with 100% traffic."}]},{"name":"TRIGGER","state":"NOT_STARTED"}],"sourceToken":"Cl5wcm9qZWN0cy84OTcxNjg0OTg1NzkvbG9jYXRpb25zL3NvdXRoYW1lcmljYS1lYXN0MS9idWlsZHMvMTQ4MDg5MmItMDViOC00NzY4LThmMzgtY2UzNWZmZWY4N2E1EpkBc291dGhhbWVyaWNhLWVhc3QxLWRvY2tlci5wa2cuZGV2L2NvbmV4YW9jYXNhbC0xODEzNi9nY2YtYXJ0aWZhY3RzL2NvbmV4YW9jYXNhbC0tMTgxMzZfX3NvdXRoYW1lcmljYS0tZWFzdDFfX25vdGlmeV9wYXJ0bmVyX3NlbGVjdGVkX3N1Z2dlc3Rpb246dmVyc2lvbl8xGJO/o5uOGiJicHJvamVjdHMvY29uZXhhb2Nhc2FsLTE4MTM2L2xvY2F0aW9ucy9zb3V0aGFtZXJpY2EtZWFzdDEvZnVuY3Rpb25zL25vdGlmeVBhcnRuZXJTZWxlY3RlZFN1Z2dlc3Rpb24qDAjXu9zUBhCIx42AAjIIbm9kZWpzMjI6fQojZ2NyLmlvL2dhZS1ydW50aW1lcy9ub2RlanMyMjpzdGFibGUSVnNvdXRoYW1lcmljYS1lYXN0MS1kb2NrZXIucGtnLmRldi9zZXJ2ZXJsZXNzLXJ1bnRpbWVzL2dvb2dsZS0yMi1mdWxsL3J1bnRpbWVzL25vZGVqczIyQAE=","operationType":"UPDATE_FUNCTION","buildName":"projects/897168498579/locations/southamerica-east1/builds/1480892b-05b8-4768-8f38-ce35ffef87a5"},"done":false}
[debug] [2026-09-01T18:48:03.407Z] Got source token Cl5wcm9qZWN0cy84OTcxNjg0OTg1NzkvbG9jYXRpb25zL3NvdXRoYW1lcmljYS1lYXN0MS9idWlsZHMvMTQ4MDg5MmItMDViOC00NzY4LThmMzgtY2UzNWZmZWY4N2E1EpkBc291dGhhbWVyaWNhLWVhc3QxLWRvY2tlci5wa2cuZGV2L2NvbmV4YW9jYXNhbC0xODEzNi9nY2YtYXJ0aWZhY3RzL2NvbmV4YW9jYXNhbC0tMTgxMzZfX3NvdXRoYW1lcmljYS0tZWFzdDFfX25vdGlmeV9wYXJ0bmVyX3NlbGVjdGVkX3N1Z2dlc3Rpb246dmVyc2lvbl8xGJO/o5uOGiJicHJvamVjdHMvY29uZXhhb2Nhc2FsLTE4MTM2L2xvY2F0aW9ucy9zb3V0aGFtZXJpY2EtZWFzdDEvZnVuY3Rpb25zL25vdGlmeVBhcnRuZXJTZWxlY3RlZFN1Z2dlc3Rpb24qDAjXu9zUBhCIx42AAjIIbm9kZWpzMjI6fQojZ2NyLmlvL2dhZS1ydW50aW1lcy9ub2RlanMyMjpzdGFibGUSVnNvdXRoYW1lcmljYS1lYXN0MS1kb2NrZXIucGtnLmRldi9zZXJ2ZXJsZXNzLXJ1bnRpbWVzL2dvb2dsZS0yMi1mdWxsL3J1bnRpbWVzL25vZGVqczIyQAE= for region southamerica-east1
[debug] [2026-09-01T18:48:03.865Z] <<< [apiv2][status] GET https://cloudfunctions.googleapis.com/v2/projects/conexaocasal-18136/locations/southamerica-east1/operations/operation-1788288477935-65a705b7bb7f9-ab8092da-5cd79c2f 200
[debug] [2026-09-01T18:48:03.865Z] <<< [apiv2][body] GET https://cloudfunctions.googleapis.com/v2/projects/conexaocasal-18136/locations/southamerica-east1/operations/operation-1788288477935-65a705b7bb7f9-ab8092da-5cd79c2f {"name":"projects/conexaocasal-18136/locations/southamerica-east1/operations/operation-1788288477935-65a705b7bb7f9-ab8092da-5cd79c2f","metadata":{"@type":"type.googleapis.com/google.cloud.functions.v2.OperationMetadata","createTime":"2026-09-01T18:47:59.138647769Z","target":"projects/conexaocasal-18136/locations/southamerica-east1/functions/notifyPartnerCreatedChallenge","verb":"update","cancelRequested":false,"apiVersion":"v2","requestResource":{"@type":"type.googleapis.com/google.cloud.functions.v2.Function","name":"projects/conexaocasal-18136/locations/southamerica-east1/functions/notifyPartnerCreatedChallenge","buildConfig":{"runtime":"nodejs22","entryPoint":"notifyPartnerCreatedChallenge","source":{"storageSource":{"bucket":"gcf-v2-sources-897168498579-southamerica-east1","object":"notifyPartnerCreatedChallenge/function-source.zip","generation":"1788288479093825"}},"environmentVariables":{"GOOGLE_NODE_RUN_SCRIPTS":""},"dockerRepository":"projects/conexaocasal-18136/locations/southamerica-east1/repositories/gcf-artifacts","sourceProvenance":{"resolvedStorageSource":{"bucket":"gcf-v2-sources-897168498579-southamerica-east1","object":"notifyPartnerCreatedChallenge/function-source.zip","generation":"1788287044716667"}},"dockerRegistry":"ARTIFACT_REGISTRY","sourceToken":"Cl5wcm9qZWN0cy84OTcxNjg0OTg1NzkvbG9jYXRpb25zL3NvdXRoYW1lcmljYS1lYXN0MS9idWlsZHMvMTQ4MDg5MmItMDViOC00NzY4LThmMzgtY2UzNWZmZWY4N2E1EpkBc291dGhhbWVyaWNhLWVhc3QxLWRvY2tlci5wa2cuZGV2L2NvbmV4YW9jYXNhbC0xODEzNi9nY2YtYXJ0aWZhY3RzL2NvbmV4YW9jYXNhbC0tMTgxMzZfX3NvdXRoYW1lcmljYS0tZWFzdDFfX25vdGlmeV9wYXJ0bmVyX3NlbGVjdGVkX3N1Z2dlc3Rpb246dmVyc2lvbl8xGJO/o5uOGiJicHJvamVjdHMvY29uZXhhb2Nhc2FsLTE4MTM2L2xvY2F0aW9ucy9zb3V0aGFtZXJpY2EtZWFzdDEvZnVuY3Rpb25zL25vdGlmeVBhcnRuZXJTZWxlY3RlZFN1Z2dlc3Rpb24qDAjXu9zUBhCIx42AAjIIbm9kZWpzMjI6fQojZ2NyLmlvL2dhZS1ydW50aW1lcy9ub2RlanMyMjpzdGFibGUSVnNvdXRoYW1lcmljYS1lYXN0MS1kb2NrZXIucGtnLmRldi9zZXJ2ZXJsZXNzLXJ1bnRpbWVzL2dvb2dsZS0yMi1mdWxsL3J1bnRpbWVzL25vZGVqczIyQAE=","serviceAccount":"projects/conexaocasal-18136/serviceAccounts/897168498579-compute@developer.gserviceaccount.com","automaticUpdatePolicy":{}},"serviceConfig":{"service":"projects/conexaocasal-18136/locations/southamerica-east1/services/notifypartnercreatedchallenge","timeoutSeconds":60,"environmentVariables":{"FIREBASE_CONFIG":"{\"projectId\":\"conexaocasal-18136\",\"storageBucket\":\"conexaocasal-18136.firebasestorage.app\"}","GCLOUD_PROJECT":"conexaocasal-18136","EVENTARC_CLOUD_EVENT_SOURCE":"projects/conexaocasal-18136/locations/southamerica-east1/services/notifyPartnerCreatedChallenge","FUNCTION_REGION":"southamerica-east1","FUNCTION_SIGNATURE_TYPE":"cloudevent","FUNCTION_TARGET":"notifyPartnerCreatedChallenge","LOG_EXECUTION_ID":"true"},"ingressSettings":"ALLOW_ALL","uri":"https://notifypartnercreatedchallenge-defag5oeva-rj.a.run.app","serviceAccountEmail":"897168498579-compute@developer.gserviceaccount.com","availableMemory":"256Mi","allTrafficOnLatestRevision":true,"revision":"notifypartnercreatedchallenge-00001-zug","maxInstanceRequestConcurrency":80,"availableCpu":"1"},"eventTrigger":{"trigger":"projects/conexaocasal-18136/locations/southamerica-east1/triggers/notifypartnercreatedchallenge-953075","triggerRegion":"southamerica-east1","eventType":"google.cloud.firestore.document.v1.created","eventFilters":[{"attribute":"database","value":"(default)"},{"attribute":"namespace","value":"(default)"},{"attribute":"document","value":"duomatches/{coupleId}/activities/{activityId}","operator":"match-path-pattern"}],"pubsubTopic":"projects/conexaocasal-18136/topics/eventarc-southamerica-east1-notifypartnercreatedchallenge-953075-600","serviceAccountEmail":"897168498579-compute@developer.gserviceaccount.com","retryPolicy":"RETRY_POLICY_DO_NOT_RETRY"},"state":"ACTIVE","labels":{"deployment-tool":"cli-firebase","firebase-functions-hash":"04ecf204b3cda3275e7f7b6ae26372c6bbf96685"},"environment":"GEN_2","url":"https://southamerica-east1-conexaocasal-18136.cloudfunctions.net/notifyPartnerCreatedChallenge","satisfiesPzs":true,"satisfiesPzi":true},"stages":[{"name":"BUILD","message":"Reusing build","state":"COMPLETE","resource":"projects/897168498579/locations/southamerica-east1/builds/1480892b-05b8-4768-8f38-ce35ffef87a5"},{"name":"SERVICE","message":"Updating Cloud Run service","state":"IN_PROGRESS","resource":"projects/conexaocasal-18136/locations/southamerica-east1/services/notifypartnercreatedchallenge","resourceUri":"https://console.cloud.google.com/run/detail/southamerica-east1/notifypartnercreatedchallenge?project=conexaocasal-18136","stateMessages":[{"severity":"INFO","type":"CloudRunServiceNewRevisionTrafficInfo","message":"A new revision will be deployed serving with 100% traffic."}]},{"name":"TRIGGER","state":"NOT_STARTED"}],"sourceToken":"Cl5wcm9qZWN0cy84OTcxNjg0OTg1NzkvbG9jYXRpb25zL3NvdXRoYW1lcmljYS1lYXN0MS9idWlsZHMvMTQ4MDg5MmItMDViOC00NzY4LThmMzgtY2UzNWZmZWY4N2E1EpkBc291dGhhbWVyaWNhLWVhc3QxLWRvY2tlci5wa2cuZGV2L2NvbmV4YW9jYXNhbC0xODEzNi9nY2YtYXJ0aWZhY3RzL2NvbmV4YW9jYXNhbC0tMTgxMzZfX3NvdXRoYW1lcmljYS0tZWFzdDFfX25vdGlmeV9wYXJ0bmVyX3NlbGVjdGVkX3N1Z2dlc3Rpb246dmVyc2lvbl8xGJO/o5uOGiJicHJvamVjdHMvY29uZXhhb2Nhc2FsLTE4MTM2L2xvY2F0aW9ucy9zb3V0aGFtZXJpY2EtZWFzdDEvZnVuY3Rpb25zL25vdGlmeVBhcnRuZXJTZWxlY3RlZFN1Z2dlc3Rpb24qDAjXu9zUBhCIx42AAjIIbm9kZWpzMjI6fQojZ2NyLmlvL2dhZS1ydW50aW1lcy9ub2RlanMyMjpzdGFibGUSVnNvdXRoYW1lcmljYS1lYXN0MS1kb2NrZXIucGtnLmRldi9zZXJ2ZXJsZXNzLXJ1bnRpbWVzL2dvb2dsZS0yMi1mdWxsL3J1bnRpbWVzL25vZGVqczIyQAE=","operationType":"UPDATE_FUNCTION","buildName":"projects/897168498579/locations/southamerica-east1/builds/1480892b-05b8-4768-8f38-ce35ffef87a5"},"done":false}
[debug] [2026-09-01T18:48:03.865Z] Got source token Cl5wcm9qZWN0cy84OTcxNjg0OTg1NzkvbG9jYXRpb25zL3NvdXRoYW1lcmljYS1lYXN0MS9idWlsZHMvMTQ4MDg5MmItMDViOC00NzY4LThmMzgtY2UzNWZmZWY4N2E1EpkBc291dGhhbWVyaWNhLWVhc3QxLWRvY2tlci5wa2cuZGV2L2NvbmV4YW9jYXNhbC0xODEzNi9nY2YtYXJ0aWZhY3RzL2NvbmV4YW9jYXNhbC0tMTgxMzZfX3NvdXRoYW1lcmljYS0tZWFzdDFfX25vdGlmeV9wYXJ0bmVyX3NlbGVjdGVkX3N1Z2dlc3Rpb246dmVyc2lvbl8xGJO/o5uOGiJicHJvamVjdHMvY29uZXhhb2Nhc2FsLTE4MTM2L2xvY2F0aW9ucy9zb3V0aGFtZXJpY2EtZWFzdDEvZnVuY3Rpb25zL25vdGlmeVBhcnRuZXJTZWxlY3RlZFN1Z2dlc3Rpb24qDAjXu9zUBhCIx42AAjIIbm9kZWpzMjI6fQojZ2NyLmlvL2dhZS1ydW50aW1lcy9ub2RlanMyMjpzdGFibGUSVnNvdXRoYW1lcmljYS1lYXN0MS1kb2NrZXIucGtnLmRldi9zZXJ2ZXJsZXNzLXJ1bnRpbWVzL2dvb2dsZS0yMi1mdWxsL3J1bnRpbWVzL25vZGVqczIyQAE= for region southamerica-east1
[debug] [2026-09-01T18:48:06.653Z] [create-default-southamerica-east1-notifyPartnerSelectedSuggestion] Retrying task index 0
[debug] [2026-09-01T18:48:06.654Z] Checked if tokens are valid: true, expires at: 1788290037941
[debug] [2026-09-01T18:48:06.654Z] Checked if tokens are valid: true, expires at: 1788290037941
[debug] [2026-09-01T18:48:06.654Z] >>> [apiv2][query] GET https://cloudfunctions.googleapis.com/v2/projects/conexaocasal-18136/locations/southamerica-east1/operations/operation-1788288426793-65a70586f5afb-730ec9b2-95db5f82 [none]
[debug] [2026-09-01T18:48:06.895Z] <<< [apiv2][status] GET https://cloudfunctions.googleapis.com/v2/projects/conexaocasal-18136/locations/southamerica-east1/operations/operation-1788288426793-65a70586f5afb-730ec9b2-95db5f82 200
[debug] [2026-09-01T18:48:06.896Z] <<< [apiv2][body] GET https://cloudfunctions.googleapis.com/v2/projects/conexaocasal-18136/locations/southamerica-east1/operations/operation-1788288426793-65a70586f5afb-730ec9b2-95db5f82 {"name":"projects/conexaocasal-18136/locations/southamerica-east1/operations/operation-1788288426793-65a70586f5afb-730ec9b2-95db5f82","metadata":{"@type":"type.googleapis.com/google.cloud.functions.v2.OperationMetadata","createTime":"2026-09-01T18:47:07.572930697Z","target":"projects/conexaocasal-18136/locations/southamerica-east1/functions/notifyPartnerSelectedSuggestion","verb":"create","cancelRequested":false,"apiVersion":"v2","requestResource":{"@type":"type.googleapis.com/google.cloud.functions.v2.Function","name":"projects/conexaocasal-18136/locations/southamerica-east1/functions/notifyPartnerSelectedSuggestion","buildConfig":{"runtime":"nodejs22","entryPoint":"notifyPartnerSelectedSuggestion","source":{"storageSource":{"bucket":"gcf-v2-sources-897168498579-southamerica-east1","object":"notifyPartnerSelectedSuggestion/function-source.zip","generation":"1788288426998712"}},"environmentVariables":{"GOOGLE_NODE_RUN_SCRIPTS":""},"serviceAccount":"projects/conexaocasal-18136/serviceAccounts/897168498579-compute@developer.gserviceaccount.com","automaticUpdatePolicy":{}},"serviceConfig":{"service":"projects/conexaocasal-18136/locations/southamerica-east1/services/notifypartnerselectedsuggestion","timeoutSeconds":60,"environmentVariables":{"FIREBASE_CONFIG":"{\"projectId\":\"conexaocasal-18136\",\"storageBucket\":\"conexaocasal-18136.firebasestorage.app\"}","GCLOUD_PROJECT":"conexaocasal-18136","EVENTARC_CLOUD_EVENT_SOURCE":"projects/conexaocasal-18136/locations/southamerica-east1/services/notifyPartnerSelectedSuggestion","FUNCTION_REGION":"southamerica-east1","FUNCTION_SIGNATURE_TYPE":"cloudevent","FUNCTION_TARGET":"notifyPartnerSelectedSuggestion","LOG_EXECUTION_ID":"true"},"ingressSettings":"ALLOW_ALL","serviceAccountEmail":"897168498579-compute@developer.gserviceaccount.com","availableMemory":"256Mi","maxInstanceRequestConcurrency":80,"availableCpu":"1"},"eventTrigger":{"trigger":"projects/conexaocasal-18136/locations/southamerica-east1/triggers/notifypartnerselectedsuggestion-849366","triggerRegion":"southamerica-east1","eventType":"google.cloud.firestore.document.v1.updated","eventFilters":[{"attribute":"database","value":"(default)"},{"attribute":"namespace","value":"(default)"},{"attribute":"document","value":"duomatches/{coupleId}/{suggestionsKind}/{date}","operator":"match-path-pattern"}],"serviceAccountEmail":"897168498579-compute@developer.gserviceaccount.com","retryPolicy":"RETRY_POLICY_DO_NOT_RETRY"},"labels":{"deployment-tool":"cli-firebase","firebase-functions-hash":"04ecf204b3cda3275e7f7b6ae26372c6bbf96685"},"environment":"GEN_2"},"stages":[{"name":"BUILD","message":"Build finished","state":"COMPLETE","resource":"projects/897168498579/locations/southamerica-east1/builds/1480892b-05b8-4768-8f38-ce35ffef87a5","resourceUri":"https://console.cloud.google.com/cloud-build/builds;region=southamerica-east1/1480892b-05b8-4768-8f38-ce35ffef87a5?project=897168498579"},{"name":"SERVICE","message":"Creating Cloud Run service","state":"COMPLETE","resource":"projects/conexaocasal-18136/locations/southamerica-east1/services/notifypartnerselectedsuggestion","resourceUri":"https://console.cloud.google.com/run/detail/southamerica-east1/notifypartnerselectedsuggestion?project=conexaocasal-18136"},{"name":"TRIGGER","message":"Creating Eventarc trigger","state":"IN_PROGRESS","resource":"projects/conexaocasal-18136/locations/southamerica-east1/triggers/notifypartnerselectedsuggestion-849366"}],"sourceToken":"Cl5wcm9qZWN0cy84OTcxNjg0OTg1NzkvbG9jYXRpb25zL3NvdXRoYW1lcmljYS1lYXN0MS9idWlsZHMvMTQ4MDg5MmItMDViOC00NzY4LThmMzgtY2UzNWZmZWY4N2E1EpkBc291dGhhbWVyaWNhLWVhc3QxLWRvY2tlci5wa2cuZGV2L2NvbmV4YW9jYXNhbC0xODEzNi9nY2YtYXJ0aWZhY3RzL2NvbmV4YW9jYXNhbC0tMTgxMzZfX3NvdXRoYW1lcmljYS0tZWFzdDFfX25vdGlmeV9wYXJ0bmVyX3NlbGVjdGVkX3N1Z2dlc3Rpb246dmVyc2lvbl8xGJO/o5uOGiJicHJvamVjdHMvY29uZXhhb2Nhc2FsLTE4MTM2L2xvY2F0aW9ucy9zb3V0aGFtZXJpY2EtZWFzdDEvZnVuY3Rpb25zL25vdGlmeVBhcnRuZXJTZWxlY3RlZFN1Z2dlc3Rpb24qDAjXu9zUBhCIx42AAjIIbm9kZWpzMjI6fQojZ2NyLmlvL2dhZS1ydW50aW1lcy9ub2RlanMyMjpzdGFibGUSVnNvdXRoYW1lcmljYS1lYXN0MS1kb2NrZXIucGtnLmRldi9zZXJ2ZXJsZXNzLXJ1bnRpbWVzL2dvb2dsZS0yMi1mdWxsL3J1bnRpbWVzL25vZGVqczIyQAE=","operationType":"CREATE_FUNCTION","buildName":"projects/897168498579/locations/southamerica-east1/builds/1480892b-05b8-4768-8f38-ce35ffef87a5"},"done":false}
[debug] [2026-09-01T18:48:06.896Z] Got source token Cl5wcm9qZWN0cy84OTcxNjg0OTg1NzkvbG9jYXRpb25zL3NvdXRoYW1lcmljYS1lYXN0MS9idWlsZHMvMTQ4MDg5MmItMDViOC00NzY4LThmMzgtY2UzNWZmZWY4N2E1EpkBc291dGhhbWVyaWNhLWVhc3QxLWRvY2tlci5wa2cuZGV2L2NvbmV4YW9jYXNhbC0xODEzNi9nY2YtYXJ0aWZhY3RzL2NvbmV4YW9jYXNhbC0tMTgxMzZfX3NvdXRoYW1lcmljYS0tZWFzdDFfX25vdGlmeV9wYXJ0bmVyX3NlbGVjdGVkX3N1Z2dlc3Rpb246dmVyc2lvbl8xGJO/o5uOGiJicHJvamVjdHMvY29uZXhhb2Nhc2FsLTE4MTM2L2xvY2F0aW9ucy9zb3V0aGFtZXJpY2EtZWFzdDEvZnVuY3Rpb25zL25vdGlmeVBhcnRuZXJTZWxlY3RlZFN1Z2dlc3Rpb24qDAjXu9zUBhCIx42AAjIIbm9kZWpzMjI6fQojZ2NyLmlvL2dhZS1ydW50aW1lcy9ub2RlanMyMjpzdGFibGUSVnNvdXRoYW1lcmljYS1lYXN0MS1kb2NrZXIucGtnLmRldi9zZXJ2ZXJsZXNzLXJ1bnRpbWVzL2dvb2dsZS0yMi1mdWxsL3J1bnRpbWVzL25vZGVqczIyQAE= for region southamerica-east1
[debug] [2026-09-01T18:48:07.420Z] [update-default-southamerica-east1-notifyPartnerMarkedActivity] Retrying task index 0
[debug] [2026-09-01T18:48:07.420Z] Checked if tokens are valid: true, expires at: 1788290037941
[debug] [2026-09-01T18:48:07.420Z] Checked if tokens are valid: true, expires at: 1788290037941
[debug] [2026-09-01T18:48:07.420Z] >>> [apiv2][query] GET https://cloudfunctions.googleapis.com/v2/projects/conexaocasal-18136/locations/southamerica-east1/operations/operation-1788288477538-65a705b75a9b5-047efb14-9b00018c [none]
[debug] [2026-09-01T18:48:07.865Z] [update-default-southamerica-east1-notifyPartnerCreatedChallenge] Retrying task index 0
[debug] [2026-09-01T18:48:07.865Z] Checked if tokens are valid: true, expires at: 1788290037941
[debug] [2026-09-01T18:48:07.865Z] Checked if tokens are valid: true, expires at: 1788290037941
[debug] [2026-09-01T18:48:07.865Z] >>> [apiv2][query] GET https://cloudfunctions.googleapis.com/v2/projects/conexaocasal-18136/locations/southamerica-east1/operations/operation-1788288477935-65a705b7bb7f9-ab8092da-5cd79c2f [none]
[debug] [2026-09-01T18:48:07.906Z] <<< [apiv2][status] GET https://cloudfunctions.googleapis.com/v2/projects/conexaocasal-18136/locations/southamerica-east1/operations/operation-1788288477538-65a705b75a9b5-047efb14-9b00018c 200
[debug] [2026-09-01T18:48:07.907Z] <<< [apiv2][body] GET https://cloudfunctions.googleapis.com/v2/projects/conexaocasal-18136/locations/southamerica-east1/operations/operation-1788288477538-65a705b75a9b5-047efb14-9b00018c {"name":"projects/conexaocasal-18136/locations/southamerica-east1/operations/operation-1788288477538-65a705b75a9b5-047efb14-9b00018c","metadata":{"@type":"type.googleapis.com/google.cloud.functions.v2.OperationMetadata","createTime":"2026-09-01T18:47:58.795209968Z","endTime":"2026-09-01T18:48:06.644761826Z","target":"projects/conexaocasal-18136/locations/southamerica-east1/functions/notifyPartnerMarkedActivity","verb":"update","cancelRequested":false,"apiVersion":"v2","requestResource":{"@type":"type.googleapis.com/google.cloud.functions.v2.Function","name":"projects/conexaocasal-18136/locations/southamerica-east1/functions/notifyPartnerMarkedActivity","buildConfig":{"runtime":"nodejs22","entryPoint":"notifyPartnerMarkedActivity","source":{"storageSource":{"bucket":"gcf-v2-sources-897168498579-southamerica-east1","object":"notifyPartnerMarkedActivity/function-source.zip","generation":"1788288478753446"}},"environmentVariables":{"GOOGLE_NODE_RUN_SCRIPTS":""},"dockerRepository":"projects/conexaocasal-18136/locations/southamerica-east1/repositories/gcf-artifacts","sourceProvenance":{"resolvedStorageSource":{"bucket":"gcf-v2-sources-897168498579-southamerica-east1","object":"notifyPartnerMarkedActivity/function-source.zip","generation":"1788286982073099"}},"dockerRegistry":"ARTIFACT_REGISTRY","sourceToken":"Cl5wcm9qZWN0cy84OTcxNjg0OTg1NzkvbG9jYXRpb25zL3NvdXRoYW1lcmljYS1lYXN0MS9idWlsZHMvMTQ4MDg5MmItMDViOC00NzY4LThmMzgtY2UzNWZmZWY4N2E1EpkBc291dGhhbWVyaWNhLWVhc3QxLWRvY2tlci5wa2cuZGV2L2NvbmV4YW9jYXNhbC0xODEzNi9nY2YtYXJ0aWZhY3RzL2NvbmV4YW9jYXNhbC0tMTgxMzZfX3NvdXRoYW1lcmljYS0tZWFzdDFfX25vdGlmeV9wYXJ0bmVyX3NlbGVjdGVkX3N1Z2dlc3Rpb246dmVyc2lvbl8xGJO/o5uOGiJicHJvamVjdHMvY29uZXhhb2Nhc2FsLTE4MTM2L2xvY2F0aW9ucy9zb3V0aGFtZXJpY2EtZWFzdDEvZnVuY3Rpb25zL25vdGlmeVBhcnRuZXJTZWxlY3RlZFN1Z2dlc3Rpb24qDAjXu9zUBhCIx42AAjIIbm9kZWpzMjI6fQojZ2NyLmlvL2dhZS1ydW50aW1lcy9ub2RlanMyMjpzdGFibGUSVnNvdXRoYW1lcmljYS1lYXN0MS1kb2NrZXIucGtnLmRldi9zZXJ2ZXJsZXNzLXJ1bnRpbWVzL2dvb2dsZS0yMi1mdWxsL3J1bnRpbWVzL25vZGVqczIyQAE=","serviceAccount":"projects/conexaocasal-18136/serviceAccounts/897168498579-compute@developer.gserviceaccount.com","automaticUpdatePolicy":{}},"serviceConfig":{"service":"projects/conexaocasal-18136/locations/southamerica-east1/services/notifypartnermarkedactivity","timeoutSeconds":60,"environmentVariables":{"FIREBASE_CONFIG":"{\"projectId\":\"conexaocasal-18136\",\"storageBucket\":\"conexaocasal-18136.firebasestorage.app\"}","GCLOUD_PROJECT":"conexaocasal-18136","EVENTARC_CLOUD_EVENT_SOURCE":"projects/conexaocasal-18136/locations/southamerica-east1/services/notifyPartnerMarkedActivity","FUNCTION_REGION":"southamerica-east1","FUNCTION_SIGNATURE_TYPE":"cloudevent","FUNCTION_TARGET":"notifyPartnerMarkedActivity","LOG_EXECUTION_ID":"true"},"ingressSettings":"ALLOW_ALL","uri":"https://notifypartnermarkedactivity-defag5oeva-rj.a.run.app","serviceAccountEmail":"897168498579-compute@developer.gserviceaccount.com","availableMemory":"256Mi","allTrafficOnLatestRevision":true,"revision":"notifypartnermarkedactivity-00001-jan","maxInstanceRequestConcurrency":80,"availableCpu":"1"},"eventTrigger":{"trigger":"projects/conexaocasal-18136/locations/southamerica-east1/triggers/notifypartnermarkedactivity-397760","triggerRegion":"southamerica-east1","eventType":"google.cloud.firestore.document.v1.updated","eventFilters":[{"attribute":"database","value":"(default)"},{"attribute":"namespace","value":"(default)"},{"attribute":"document","value":"duomatches/{coupleId}/activities/{activityId}","operator":"match-path-pattern"}],"pubsubTopic":"projects/conexaocasal-18136/topics/eventarc-southamerica-east1-notifypartnermarkedactivity-397760-195","serviceAccountEmail":"897168498579-compute@developer.gserviceaccount.com","retryPolicy":"RETRY_POLICY_DO_NOT_RETRY"},"state":"ACTIVE","labels":{"deployment-tool":"cli-firebase","firebase-functions-hash":"04ecf204b3cda3275e7f7b6ae26372c6bbf96685"},"environment":"GEN_2","url":"https://southamerica-east1-conexaocasal-18136.cloudfunctions.net/notifyPartnerMarkedActivity","satisfiesPzs":true,"satisfiesPzi":true},"stages":[{"name":"BUILD","message":"Reusing build","state":"COMPLETE","resource":"projects/897168498579/locations/southamerica-east1/builds/1480892b-05b8-4768-8f38-ce35ffef87a5"},{"name":"SERVICE","message":"Updating Cloud Run service","state":"COMPLETE","resource":"projects/conexaocasal-18136/locations/southamerica-east1/services/notifypartnermarkedactivity","resourceUri":"https://console.cloud.google.com/run/detail/southamerica-east1/notifypartnermarkedactivity?project=conexaocasal-18136","stateMessages":[{"severity":"INFO","type":"CloudRunServiceNewRevisionTrafficInfo","message":"A new revision will be deployed serving with 100% traffic."}]},{"name":"TRIGGER","state":"NOT_STARTED"}],"sourceToken":"Cl5wcm9qZWN0cy84OTcxNjg0OTg1NzkvbG9jYXRpb25zL3NvdXRoYW1lcmljYS1lYXN0MS9idWlsZHMvMTQ4MDg5MmItMDViOC00NzY4LThmMzgtY2UzNWZmZWY4N2E1EpkBc291dGhhbWVyaWNhLWVhc3QxLWRvY2tlci5wa2cuZGV2L2NvbmV4YW9jYXNhbC0xODEzNi9nY2YtYXJ0aWZhY3RzL2NvbmV4YW9jYXNhbC0tMTgxMzZfX3NvdXRoYW1lcmljYS0tZWFzdDFfX25vdGlmeV9wYXJ0bmVyX3NlbGVjdGVkX3N1Z2dlc3Rpb246dmVyc2lvbl8xGJO/o5uOGiJicHJvamVjdHMvY29uZXhhb2Nhc2FsLTE4MTM2L2xvY2F0aW9ucy9zb3V0aGFtZXJpY2EtZWFzdDEvZnVuY3Rpb25zL25vdGlmeVBhcnRuZXJTZWxlY3RlZFN1Z2dlc3Rpb24qDAjXu9zUBhCIx42AAjIIbm9kZWpzMjI6fQojZ2NyLmlvL2dhZS1ydW50aW1lcy9ub2RlanMyMjpzdGFibGUSVnNvdXRoYW1lcmljYS1lYXN0MS1kb2NrZXIucGtnLmRldi9zZXJ2ZXJsZXNzLXJ1bnRpbWVzL2dvb2dsZS0yMi1mdWxsL3J1bnRpbWVzL25vZGVqczIyQAE=","operationType":"UPDATE_FUNCTION","buildName":"projects/897168498579/locations/southamerica-east1/builds/1480892b-05b8-4768-8f38-ce35ffef87a5"},"done":true,"response":{"@type":"type.googleapis.com/google.cloud.functions.v2.Function","name":"projects/conexaocasal-18136/locations/southamerica-east1/functions/notifyPartnerMarkedActivity","buildConfig":{"build":"projects/897168498579/locations/southamerica-east1/builds/1480892b-05b8-4768-8f38-ce35ffef87a5","runtime":"nodejs22","entryPoint":"notifyPartnerMarkedActivity","source":{"storageSource":{"bucket":"gcf-v2-sources-897168498579-southamerica-east1","object":"notifyPartnerMarkedActivity/function-source.zip","generation":"1788288478753446"}},"environmentVariables":{"GOOGLE_NODE_RUN_SCRIPTS":""},"dockerRepository":"projects/conexaocasal-18136/locations/southamerica-east1/repositories/gcf-artifacts","sourceProvenance":{"resolvedStorageSource":{"bucket":"gcf-v2-sources-897168498579-southamerica-east1","object":"notifyPartnerMarkedActivity/function-source.zip","generation":"1788288478753446"}},"dockerRegistry":"ARTIFACT_REGISTRY","serviceAccount":"projects/conexaocasal-18136/serviceAccounts/897168498579-compute@developer.gserviceaccount.com","automaticUpdatePolicy":{}},"serviceConfig":{"service":"projects/conexaocasal-18136/locations/southamerica-east1/services/notifypartnermarkedactivity","timeoutSeconds":60,"environmentVariables":{"FIREBASE_CONFIG":"{\"projectId\":\"conexaocasal-18136\",\"storageBucket\":\"conexaocasal-18136.firebasestorage.app\"}","GCLOUD_PROJECT":"conexaocasal-18136","EVENTARC_CLOUD_EVENT_SOURCE":"projects/conexaocasal-18136/locations/southamerica-east1/services/notifyPartnerMarkedActivity","FUNCTION_REGION":"southamerica-east1","FUNCTION_SIGNATURE_TYPE":"cloudevent","FUNCTION_TARGET":"notifyPartnerMarkedActivity","LOG_EXECUTION_ID":"true"},"maxInstanceCount":3,"ingressSettings":"ALLOW_ALL","uri":"https://notifypartnermarkedactivity-defag5oeva-rj.a.run.app","serviceAccountEmail":"897168498579-compute@developer.gserviceaccount.com","availableMemory":"256Mi","allTrafficOnLatestRevision":true,"revision":"notifypartnermarkedactivity-00002-ros","maxInstanceRequestConcurrency":80,"availableCpu":"1"},"eventTrigger":{"trigger":"projects/conexaocasal-18136/locations/southamerica-east1/triggers/notifypartnermarkedactivity-397760","triggerRegion":"southamerica-east1","eventType":"google.cloud.firestore.document.v1.updated","eventFilters":[{"attribute":"namespace","value":"(default)"},{"attribute":"document","value":"duomatches/{coupleId}/activities/{activityId}","operator":"match-path-pattern"},{"attribute":"database","value":"(default)"}],"pubsubTopic":"projects/conexaocasal-18136/topics/eventarc-southamerica-east1-notifypartnermarkedactivity-397760-195","serviceAccountEmail":"897168498579-compute@developer.gserviceaccount.com","retryPolicy":"RETRY_POLICY_DO_NOT_RETRY"},"state":"ACTIVE","updateTime":"2026-09-01T18:47:58.797723548Z","labels":{"deployment-tool":"cli-firebase","firebase-functions-hash":"04ecf204b3cda3275e7f7b6ae26372c6bbf96685"},"environment":"GEN_2","url":"https://southamerica-east1-conexaocasal-18136.cloudfunctions.net/notifyPartnerMarkedActivity","satisfiesPzs":true,"createTime":"2026-09-01T18:23:03.194576097Z","satisfiesPzi":true}}
[debug] [2026-09-01T18:48:07.907Z] Got source token Cl5wcm9qZWN0cy84OTcxNjg0OTg1NzkvbG9jYXRpb25zL3NvdXRoYW1lcmljYS1lYXN0MS9idWlsZHMvMTQ4MDg5MmItMDViOC00NzY4LThmMzgtY2UzNWZmZWY4N2E1EpkBc291dGhhbWVyaWNhLWVhc3QxLWRvY2tlci5wa2cuZGV2L2NvbmV4YW9jYXNhbC0xODEzNi9nY2YtYXJ0aWZhY3RzL2NvbmV4YW9jYXNhbC0tMTgxMzZfX3NvdXRoYW1lcmljYS0tZWFzdDFfX25vdGlmeV9wYXJ0bmVyX3NlbGVjdGVkX3N1Z2dlc3Rpb246dmVyc2lvbl8xGJO/o5uOGiJicHJvamVjdHMvY29uZXhhb2Nhc2FsLTE4MTM2L2xvY2F0aW9ucy9zb3V0aGFtZXJpY2EtZWFzdDEvZnVuY3Rpb25zL25vdGlmeVBhcnRuZXJTZWxlY3RlZFN1Z2dlc3Rpb24qDAjXu9zUBhCIx42AAjIIbm9kZWpzMjI6fQojZ2NyLmlvL2dhZS1ydW50aW1lcy9ub2RlanMyMjpzdGFibGUSVnNvdXRoYW1lcmljYS1lYXN0MS1kb2NrZXIucGtnLmRldi9zZXJ2ZXJsZXNzLXJ1bnRpbWVzL2dvb2dsZS0yMi1mdWxsL3J1bnRpbWVzL25vZGVqczIyQAE= for region southamerica-east1
[info] +  functions[notifyPartnerMarkedActivity(southamerica-east1)] Successful update operation. 
